"","Address","Date","Rent","Aprt_Type","Building_Type"
"1","700 NW 4th St, Oklahoma City, OK 73102","2026/01/01",1120,"1 Bed","Apartment"
"2","700 NW 4th St, Oklahoma City, OK 73102","2026/01/01",1545,"2 Beds","Apartment"
"3","2904 Treight Creek Ln, Midwest City, OK 73110","2026/01/01",1495,"2 Beds",NA
"4","9516 S Shields Blvd, Moore, OK 73160","2026/01/01",890,"1 Bed","Apartment"
"5","9516 S Shields Blvd, Moore, OK 73160","2026/01/01",1000,"2 Beds","Apartment"
"6","4300 Caravel Dr, Yukon, OK 73099","2026/01/01",1109,"1 Bed","Apartment"
"7","4300 Caravel Dr, Yukon, OK 73099","2026/01/01",1309,"2 Beds","Apartment"
"8","4300 Caravel Dr, Yukon, OK 73099","2026/01/01",1689,"3 Beds","Apartment"
"9","1125 W Edmond Rd, Edmond, OK 73003","2026/01/01",1320,"1 Bed","Apartment"
"10","1125 W Edmond Rd, Edmond, OK 73003","2026/01/01",1445,"2 Beds","Apartment"
"11","1125 W Edmond Rd, Edmond, OK 73003","2026/01/01",2240,"3 Beds","Apartment"
"12","5200 Oak St, Oklahoma City, OK 73112","2026/01/01",1370,"Studio","Apartment"
"13","5200 Oak St, Oklahoma City, OK 73112","2026/01/01",1531,"1 Bed","Apartment"
"14","5200 Oak St, Oklahoma City, OK 73112","2026/01/01",2199,"2 Beds+","Apartment"
"15","101 N Broadway Ave, Oklahoma City, OK 73102","2026/01/01",1075,"Studio","Apartment"
"16","101 N Broadway Ave, Oklahoma City, OK 73102","2026/01/01",1100,"1 Bed","Apartment"
"17","101 N Broadway Ave, Oklahoma City, OK 73102","2026/01/01",1395,"2 Beds","Apartment"
"18","14602 Parkway Center Ave, Oklahoma City, OK 73134","2026/01/01",2000,"2 Beds",NA
"19","901 Hangar Dr, Oklahoma City, OK 73108","2026/01/01",1495,"1 Bed","Apartment"
"20","901 Hangar Dr, Oklahoma City, OK 73108","2026/01/01",1800,"2 Beds","Apartment"
"21","11239 N Pennsylvania Ave, Oklahoma City, OK 73120","2026/01/01",890,"1 Bed","Apartment"
"22","11239 N Pennsylvania Ave, Oklahoma City, OK 73120","2026/01/01",1015,"2 Beds","Apartment"
"23","14600 N Rockwell Ave, Oklahoma City, OK 73142","2026/01/01",865,"1 Bed","Apartment"
"24","14600 N Rockwell Ave, Oklahoma City, OK 73142","2026/01/01",1130,"2 Beds","Apartment"
"25","5314 Willow Cliff Rd, Oklahoma City, OK 73122","2026/01/01",847,"1 Bed","Apartment"
"26","5314 Willow Cliff Rd, Oklahoma City, OK 73122","2026/01/01",954,"2 Beds","Apartment"
"27","5314 Willow Cliff Rd, Oklahoma City, OK 73122","2026/01/01",1330,"3 Beds","Apartment"
"28","8557 Candlewood Dr, Oklahoma City, OK 73132","2026/01/01",815,"1 Bed","Apartment"
"29","8557 Candlewood Dr, Oklahoma City, OK 73132","2026/01/01",1025,"2 Beds","Apartment"
"30","8557 Candlewood Dr, Oklahoma City, OK 73132","2026/01/01",1275,"3 Beds+","Apartment"
"31","11141 Springhollow Rd, Oklahoma City, OK 73120","2026/01/01",1024,"1 Bed","Apartment"
"32","11141 Springhollow Rd, Oklahoma City, OK 73120","2026/01/01",1099,"2 Beds","Apartment"
"33","11141 Springhollow Rd, Oklahoma City, OK 73120","2026/01/01",1499,"3 Beds","Apartment"
"34","605 SW 119th St, Oklahoma City, OK 73170","2026/01/01",1095,"1 Bed","Apartment"
"35","605 SW 119th St, Oklahoma City, OK 73170","2026/01/01",1325,"2 Beds","Apartment"
"36","605 SW 119th St, Oklahoma City, OK 73170","2026/01/01",1600,"3 Beds","Apartment"
"37","700 NE 122nd St, Oklahoma City, OK 73114","2026/01/01",875,"1 Bed","Apartment"
"38","700 NE 122nd St, Oklahoma City, OK 73114","2026/01/01",995,"2 Beds","Apartment"
"39","900 NE 122nd St, Oklahoma City, OK 73114","2026/01/01",915,"1 Bed","Apartment"
"40","900 NE 122nd St, Oklahoma City, OK 73114","2026/01/01",1085,"2 Beds","Apartment"
"41","12401-12401 N MacArthur Blvd, Oklahoma City, OK 73142","2026/01/01",737,"Studio","Apartment"
"42","12401-12401 N MacArthur Blvd, Oklahoma City, OK 73142","2026/01/01",722,"1 Bed","Apartment"
"43","12401-12401 N MacArthur Blvd, Oklahoma City, OK 73142","2026/01/01",999,"2 Beds+","Apartment"
"44","140 N Park Ave, Oklahoma City, OK 73102","2026/01/01",1755,"Studio","Apartment"
"45","140 N Park Ave, Oklahoma City, OK 73102","2026/01/01",1996,"1 Bed","Apartment"
"46","140 N Park Ave, Oklahoma City, OK 73102","2026/01/01",3861,"2 Beds+","Apartment"
"47","6929 S Sooner Rd, Oklahoma City, OK 73135","2026/01/01",1190,"1 Bed","Apartment"
"48","6929 S Sooner Rd, Oklahoma City, OK 73135","2026/01/01",1335,"2 Beds","Apartment"
"49","6929 S Sooner Rd, Oklahoma City, OK 73135","2026/01/01",1750,"3 Beds","Apartment"
"50","4545 N Lincoln Blvd, Oklahoma City, OK 73105","2026/01/01",840,"Studio","Apartment"
"51","4545 N Lincoln Blvd, Oklahoma City, OK 73105","2026/01/01",1120,"1 Bed","Apartment"
"52","4545 N Lincoln Blvd, Oklahoma City, OK 73105","2026/01/01",1350,"2 Beds","Apartment"
"53","10333 W Reno Ave, Oklahoma City, OK 73127","2026/01/01",975,"Studio","Apartment"
"54","10333 W Reno Ave, Oklahoma City, OK 73127","2026/01/01",1100,"1 Bed","Apartment"
"55","10333 W Reno Ave, Oklahoma City, OK 73127","2026/01/01",1395,"2 Beds","Apartment"
"56","8500 N Oklahoma Ave, Oklahoma City, OK 73114","2026/01/01",1110,"Studio","Apartment"
"57","8500 N Oklahoma Ave, Oklahoma City, OK 73114","2026/01/01",1430,"1 Bed","Apartment"
"58","8500 N Oklahoma Ave, Oklahoma City, OK 73114","2026/01/01",2000,"2 Beds+","Apartment"
"59","12600 NW 10th St, Yukon, OK 73099","2026/01/01",1165,"1 Bed","Apartment"
"60","12600 NW 10th St, Yukon, OK 73099","2026/01/01",1415,"2 Beds","Apartment"
"61","1201 Covell Village Dr, Edmond, OK 73003","2026/01/01",1280,"1 Bed","Apartment"
"62","1201 Covell Village Dr, Edmond, OK 73003","2026/01/01",1183,"2 Beds","Apartment"
"63","1201 Covell Village Dr, Edmond, OK 73003","2026/01/01",1533,"3 Beds","Apartment"
"64","1305 N Classen Dr, Oklahoma City, OK 73103","2026/01/01",2000,"1 Bed","Apartment"
"65","1305 N Classen Dr, Oklahoma City, OK 73103","2026/01/01",3208,"2 Beds","Apartment"
"66","1305 N Classen Dr, Oklahoma City, OK 73103","2026/01/01",5200,"3 Beds","Apartment"
"67","1701 N Classen Blvd, Oklahoma City, OK 73106","2026/01/01",1415,"1 Bed","Apartment"
"68","1701 N Classen Blvd, Oklahoma City, OK 73106","2026/01/01",1775,"2 Beds","Apartment"
"69","1701 N Classen Blvd, Oklahoma City, OK 73106","2026/01/01",2530,"3 Beds","Apartment"
"70","2400 Watermark Blvd, Oklahoma City, OK 73134","2026/01/01",1199,"1 Bed","Apartment"
"71","2400 Watermark Blvd, Oklahoma City, OK 73134","2026/01/01",1409,"2 Beds","Apartment"
"72","2400 Watermark Blvd, Oklahoma City, OK 73134","2026/01/01",1869,"3 Beds","Apartment"
"73","1721 NW 115th Ter, Oklahoma City, OK 73120","2026/01/01",1310,"1 Bed","Apartment"
"74","1721 NW 115th Ter, Oklahoma City, OK 73120","2026/01/01",1430,"2 Beds","Apartment"
"75","1721 NW 115th Ter, Oklahoma City, OK 73120","2026/01/01",2020,"3 Beds","Apartment"
"76","520 W Main St, Oklahoma City, OK 73102","2026/01/01",755,"3 Beds",NA
"77","130 Trail Ridge Rd, Oklahoma City, OK 73120","2026/01/01",1445,"3 Beds",NA
"78","8114 W Britton Rd, Oklahoma City, OK 73132","2026/01/01",880,"1 Bed","Apartment"
"79","8114 W Britton Rd, Oklahoma City, OK 73132","2026/01/01",800,"2 Beds","Apartment"
"80","6401 N Warren Ave, Oklahoma City, OK 73116","2026/01/01",775,"1 Bed","Apartment"
"81","6401 N Warren Ave, Oklahoma City, OK 73116","2026/01/01",975,"2 Beds","Apartment"
"82","3131 SW 89th St, Oklahoma City, OK 73159","2026/01/01",1025,"1 Bed","Apartment"
"83","3131 SW 89th St, Oklahoma City, OK 73159","2026/01/01",1250,"2 Beds","Apartment"
"84","3131 SW 89th St, Oklahoma City, OK 73159","2026/01/01",1499,"3 Beds","Apartment"
"85","5707 SE 48th St, Oklahoma City, OK 73135","2026/01/01",977,"1 Bed","Apartment"
"86","5707 SE 48th St, Oklahoma City, OK 73135","2026/01/01",1060,"2 Beds","Apartment"
"87","5707 SE 48th St, Oklahoma City, OK 73135","2026/01/01",1155,"3 Beds+","Apartment"
"88","200 N Harvey Ave, Oklahoma City, OK 73102","2026/01/01",900,"Studio","Apartment"
"89","200 N Harvey Ave, Oklahoma City, OK 73102","2026/01/01",1250,"1 Bed","Apartment"
"90","200 N Harvey Ave, Oklahoma City, OK 73102","2026/01/01",1400,"2 Beds","Apartment"
"91","314 NE 2nd St, Oklahoma City, OK 73104","2026/01/01",1162,"1 Bed","Apartment"
"92","314 NE 2nd St, Oklahoma City, OK 73104","2026/01/01",1445,"2 Beds","Apartment"
"93","314 NE 2nd St, Oklahoma City, OK 73104","2026/01/01",2195,"3 Beds","Apartment"
"94","425 N Oklahoma Ave, Oklahoma City, OK 73104","2026/01/01",1182,"1 Bed","Apartment"
"95","425 N Oklahoma Ave, Oklahoma City, OK 73104","2026/01/01",1578,"2 Beds","Apartment"
"96","1209 W Hefner Rd, Oklahoma City, OK 73114","2026/01/01",1029,"2 Beds",NA
"97","13331 N Macarthur Blvd, Oklahoma City, OK 73142","2026/01/01",877,"Studio","Apartment"
"98","13331 N Macarthur Blvd, Oklahoma City, OK 73142","2026/01/01",1003,"1 Bed","Apartment"
"99","13331 N Macarthur Blvd, Oklahoma City, OK 73142","2026/01/01",1290,"2 Beds+","Apartment"
"100","505 E Sheridan Ave, Oklahoma City, OK 73104","2026/01/01",1314,"1 Bed","Apartment"
"101","505 E Sheridan Ave, Oklahoma City, OK 73104","2026/01/01",1574,"2 Beds","Apartment"
"102","505 E Sheridan Ave, Oklahoma City, OK 73104","2026/01/01",2314,"3 Beds","Apartment"
"103","5924 SW 12th St, Oklahoma City, OK 73128","2026/01/01",995,"1 Bed","Apartment"
"104","5924 SW 12th St, Oklahoma City, OK 73128","2026/01/01",1175,"2 Beds","Apartment"
"105","2600 Watermark Blvd, Oklahoma City, OK 73134","2026/01/01",1188,"1 Bed","Apartment"
"106","2600 Watermark Blvd, Oklahoma City, OK 73134","2026/01/01",1330,"2 Beds","Apartment"
"107","2600 Watermark Blvd, Oklahoma City, OK 73134","2026/01/01",1837,"3 Beds","Apartment"
"108","9200 N Macarthur Blvd, Oklahoma City, OK 73132","2026/01/01",799,"1 Bed","Apartment"
"109","9200 N Macarthur Blvd, Oklahoma City, OK 73132","2026/01/01",939,"2 Beds","Apartment"
"110","9200 N Macarthur Blvd, Oklahoma City, OK 73132","2026/01/01",1299,"3 Beds","Apartment"
"111","12821 Stratford Dr, Oklahoma City, OK 73120","2026/01/01",830,"1 Bed","Apartment"
"112","12821 Stratford Dr, Oklahoma City, OK 73120","2026/01/01",834,"2 Beds","Apartment"
"113","2700 Indian Creek Blvd, Oklahoma City, OK 73120","2026/01/01",719,"1 Bed","Apartment"
"114","2700 Indian Creek Blvd, Oklahoma City, OK 73120","2026/01/01",819,"2 Beds","Apartment"
"115","13600 N Blackwelder Ave, Oklahoma City, OK 73120","2026/01/01",1048,"Studio","Apartment"
"116","13600 N Blackwelder Ave, Oklahoma City, OK 73120","2026/01/01",1276,"1 Bed","Apartment"
"117","13600 N Blackwelder Ave, Oklahoma City, OK 73120","2026/01/01",1438,"2 Beds+","Apartment"
"118","835 W Sheridan Ave, Oklahoma City, OK 73106","2026/01/01",985,"Studio","Apartment"
"119","835 W Sheridan Ave, Oklahoma City, OK 73106","2026/01/01",1273,"1 Bed","Apartment"
"120","835 W Sheridan Ave, Oklahoma City, OK 73106","2026/01/01",1688,"2 Beds+","Apartment"
"121","15400 Lone Oak Rd, Oklahoma City, OK 73013","2026/01/01",1190,"1 Bed","Apartment"
"122","15400 Lone Oak Rd, Oklahoma City, OK 73013","2026/01/01",1230,"2 Beds","Apartment"
"123","3300 S Mustang Rd, Yukon, OK 73099","2026/01/01",1113,"1 Bed","Apartment"
"124","3300 S Mustang Rd, Yukon, OK 73099","2026/01/01",1279,"2 Beds","Apartment"
"125","3916 NW 164th St, Edmond, OK 73013","2026/01/01",1385,"1 Bed","Apartment"
"126","3916 NW 164th St, Edmond, OK 73013","2026/01/01",1420,"2 Beds","Apartment"
"127","3916 NW 164th St, Edmond, OK 73013","2026/01/01",3320,"3 Beds","Apartment"
"128","301-501 Pointe Parkway Blvd, Yukon, OK 73099","2026/01/01",1059,"1 Bed","Apartment"
"129","301-501 Pointe Parkway Blvd, Yukon, OK 73099","2026/01/01",1229,"2 Beds","Apartment"
"130","800 SW 19th St, Moore, OK 73160","2026/01/01",910,"1 Bed","Apartment"
"131","800 SW 19th St, Moore, OK 73160","2026/01/01",1035,"2 Beds","Apartment"
"132","769 SW 19th St, Moore, OK 73160","2026/01/01",1025,"1 Bed","Apartment"
"133","769 SW 19th St, Moore, OK 73160","2026/01/01",1225,"2 Beds","Apartment"
"134","19501 N Pennsylvania Ave, Edmond, OK 73012","2026/01/01",1100,"2 Beds","Apartment"
"135","19501 N Pennsylvania Ave, Edmond, OK 73012","2026/01/01",1495,"3 Beds","Apartment"
"136","18001 Highland Park Ave, Edmond, OK 73012","2026/01/01",895,"2 Beds","Apartment"
"137","18001 Highland Park Ave, Edmond, OK 73012","2026/01/01",1265,"3 Beds","Apartment"
"138","2717 NW 178th St, Edmond, OK 73012","2026/01/01",1499,"1 Bed","Apartment"
"139","2717 NW 178th St, Edmond, OK 73012","2026/01/01",1319,"2 Beds","Apartment"
"140","2717 NW 178th St, Edmond, OK 73012","2026/01/01",1715,"3 Beds","Apartment"
"141","1301 NW 178th St, Edmond, OK 73012","2026/01/01",2400,"1 Bed","Apartment"
"142","1301 NW 178th St, Edmond, OK 73012","2026/01/01",3025,"2 Beds","Apartment"
"143","625 NW 4th St, Oklahoma City, OK 73102","2026/01/01",1600,"1 Bed","Apartment"
"144","625 NW 4th St, Oklahoma City, OK 73102","2026/01/01",2300,"2 Beds","Apartment"
"145","625 NW 4th St, Oklahoma City, OK 73102","2026/01/01",3700,"3 Beds+","Apartment"
"146","1325 N Walker Ave, Oklahoma City, OK 73103","2026/01/01",1410,"1 Bed","Apartment"
"147","1325 N Walker Ave, Oklahoma City, OK 73103","2026/01/01",1665,"2 Beds","Apartment"
"148","1325 N Walker Ave, Oklahoma City, OK 73103","2026/01/01",2630,"3 Beds","Apartment"
"149","630 N Kelley Ave, Oklahoma City, OK 73117","2026/01/01",1132,"1 Bed","Apartment"
"150","630 N Kelley Ave, Oklahoma City, OK 73117","2026/01/01",1209,"2 Beds","Apartment"
"151","2737 NW 140th St, Oklahoma City, OK 73134","2026/01/01",1109,"1 Bed","Apartment"
"152","2737 NW 140th St, Oklahoma City, OK 73134","2026/01/01",1269,"2 Beds","Apartment"
"153","9017 N University Ave, Oklahoma City, OK 73114","2026/01/01",1250,"1 Bed","Apartment"
"154","9017 N University Ave, Oklahoma City, OK 73114","2026/01/01",1550,"2 Beds","Apartment"
"155","800 N Oklahoma Ave, Oklahoma City, OK 73104","2026/01/01",1205,"1 Bed","Apartment"
"156","800 N Oklahoma Ave, Oklahoma City, OK 73104","2026/01/01",1615,"2 Beds","Apartment"
"157","800 N Oklahoma Ave, Oklahoma City, OK 73104","2026/01/01",2400,"3 Beds","Apartment"
"158","1125 NW 26th St, Oklahoma City, OK 73106","2026/01/01",850,"Studio","Apartment"
"159","1125 NW 26th St, Oklahoma City, OK 73106","2026/01/01",945,"1 Bed","Apartment"
"160","4317 SW 22nd St, Oklahoma City, OK 73108","2026/01/01",779,"Studio","Apartment"
"161","4317 SW 22nd St, Oklahoma City, OK 73108","2026/01/01",779,"1 Bed","Apartment"
"162","4317 SW 22nd St, Oklahoma City, OK 73108","2026/01/01",999,"2 Beds","Apartment"
"163","12600 N Macarthur Blvd, Oklahoma City, OK 73142","2026/01/01",909,"1 Bed","Apartment"
"164","12600 N Macarthur Blvd, Oklahoma City, OK 73142","2026/01/01",1069,"2 Beds","Apartment"
"165","9777 N Council Rd, Oklahoma City, OK 73162","2026/01/01",899,"1 Bed","Apartment"
"166","9777 N Council Rd, Oklahoma City, OK 73162","2026/01/01",1099,"2 Beds","Apartment"
"167","9777 N Council Rd, Oklahoma City, OK 73162","2026/01/01",1499,"3 Beds","Apartment"
"168","1332 SW 74th St, Oklahoma City, OK 73159","2026/01/01",756,"1 Bed","Apartment"
"169","1332 SW 74th St, Oklahoma City, OK 73159","2026/01/01",963,"2 Beds","Apartment"
"170","1332 SW 74th St, Oklahoma City, OK 73159","2026/01/01",1350,"3 Beds","Apartment"
"171","777 N Air Depot Blvd, Oklahoma City, OK 73110","2026/01/01",1075,"1 Bed","Apartment"
"172","777 N Air Depot Blvd, Oklahoma City, OK 73110","2026/01/01",1100,"2 Beds","Apartment"
"173","777 N Air Depot Blvd, Oklahoma City, OK 73110","2026/01/01",1299,"3 Beds","Apartment"
"174","2820 General Pershing Blvd, Oklahoma City, OK 73107","2026/01/01",1003,"1 Bed","Apartment"
"175","2820 General Pershing Blvd, Oklahoma City, OK 73107","2026/01/01",1202,"2 Beds","Apartment"
"176","2820 General Pershing Blvd, Oklahoma City, OK 73107","2026/01/01",1380,"3 Beds","Apartment"
"177","4500 Cherry Hill Ln, Oklahoma City, OK 73135","2026/01/01",725,"1 Bed","Apartment"
"178","4500 Cherry Hill Ln, Oklahoma City, OK 73135","2026/01/01",820,"2 Beds","Apartment"
"179","8032 E Reno Ave, Oklahoma City, OK 73110","2026/01/01",750,"1 Bed","Apartment"
"180","8032 E Reno Ave, Oklahoma City, OK 73110","2026/01/01",850,"2 Beds","Apartment"
"181","4625 Tinker Diagonal St, Oklahoma City, OK 73115","2026/01/01",765,"1 Bed","Apartment"
"182","4625 Tinker Diagonal St, Oklahoma City, OK 73115","2026/01/01",975,"2 Beds","Apartment"
"183","4625 Tinker Diagonal St, Oklahoma City, OK 73115","2026/01/01",1200,"3 Beds","Apartment"
"184","5660 N May Ave, Oklahoma City, OK 73112","2026/01/01",860,"1 Bed","Apartment"
"185","5660 N May Ave, Oklahoma City, OK 73112","2026/01/01",1065,"2 Beds","Apartment"
"186","6345 E Reno Ave, Oklahoma City, OK 73110","2026/01/01",680,"Studio","Apartment"
"187","6345 E Reno Ave, Oklahoma City, OK 73110","2026/01/01",849,"1 Bed","Apartment"
"188","6345 E Reno Ave, Oklahoma City, OK 73110","2026/01/01",875,"2 Beds+","Apartment"
"189","2201 NW 122nd St, Oklahoma City, OK 73120","2026/01/01",601,"Studio","Apartment"
"190","2201 NW 122nd St, Oklahoma City, OK 73120","2026/01/01",603,"1 Bed","Apartment"
"191","2201 NW 122nd St, Oklahoma City, OK 73120","2026/01/01",737,"2 Beds","Apartment"
"192","1920 Heritage Park Dr, Oklahoma City, OK 73120","2026/01/01",590,"1 Bed","Apartment"
"193","1920 Heritage Park Dr, Oklahoma City, OK 73120","2026/01/01",693,"2 Beds","Apartment"
"194","1920 Heritage Park Dr, Oklahoma City, OK 73120","2026/01/01",1182,"3 Beds","Apartment"
"195","2941 N Lottie Ave, Oklahoma City, OK 73111","2026/01/01",1351,"3 Beds","Apartment"
"196","2941 N Lottie Ave, Oklahoma City, OK 73111","2026/01/01",1506,"4 Beds","Apartment"
"197","9501 S I 35 Rd, Moore, OK 73160","2026/01/01",995,"1 Bed","Apartment"
"198","9501 S I 35 Rd, Moore, OK 73160","2026/01/01",1055,"2 Beds","Apartment"
"199","6475 36th Ave NW, Norman, OK 73072","2026/01/01",1109,"1 Bed","Apartment"
"200","6475 36th Ave NW, Norman, OK 73072","2026/01/01",1299,"2 Beds","Apartment"
"201","157 Stonebridge Blvd, Edmond, OK 73013","2026/01/01",1029,"1 Bed","Apartment"
"202","157 Stonebridge Blvd, Edmond, OK 73013","2026/01/01",1219,"2 Beds","Apartment"
"203","157 Stonebridge Blvd, Edmond, OK 73013","2026/01/01",1639,"3 Beds","Apartment"
"204","11308 SW 5th St, Yukon, OK 73099","2026/01/01",1049,"1 Bed","Apartment"
"205","11308 SW 5th St, Yukon, OK 73099","2026/01/01",1375,"2 Beds","Apartment"
"206","801 N Kelly Ave, Edmond, OK 73003","2026/01/01",999,"2 Beds",NA
"207","14025 N Eastern Ave, Edmond, OK 73013","2026/01/01",1029,"1 Bed","Apartment"
"208","14025 N Eastern Ave, Edmond, OK 73013","2026/01/01",1239,"2 Beds","Apartment"
"209","813 City Ave, Moore, OK 73160","2026/01/01",935,"2 Beds","Apartment"
"210","813 City Ave, Moore, OK 73160","2026/01/01",789,"3 Beds","Apartment"
"211","2900 S Service Rd, Moore, OK 73160","2026/01/01",1059,"1 Bed","Apartment"
"212","2900 S Service Rd, Moore, OK 73160","2026/01/01",1269,"2 Beds","Apartment"
"213","515 N Czech Hall Rd, Yukon, OK 73099","2026/01/01",969,"1 Bed","Apartment"
"214","515 N Czech Hall Rd, Yukon, OK 73099","2026/01/01",1161,"2 Beds","Apartment"
"215","515 N Czech Hall Rd, Yukon, OK 73099","2026/01/01",1225,"3 Beds","Apartment"
"216","14201 N Kentucky Ave, Oklahoma City, OK 73134","2026/01/01",1499,"1 Bed","Apartment"
"217","14201 N Kentucky Ave, Oklahoma City, OK 73134","2026/01/01",1699,"2 Beds","Apartment"
"218","321 N Oklahoma Ave, Oklahoma City, OK 73104","2026/01/01",1250,"1 Bed","Apartment"
"219","321 N Oklahoma Ave, Oklahoma City, OK 73104","2026/01/01",1550,"2 Beds","Apartment"
"220","6300 W Memorial Rd, Oklahoma City, OK 73142","2026/01/01",1495,"1 Bed","Apartment"
"221","6300 W Memorial Rd, Oklahoma City, OK 73142","2026/01/01",1799,"2 Beds","Apartment"
"222","6300 W Memorial Rd, Oklahoma City, OK 73142","2026/01/01",1999,"3 Beds","Apartment"
"223","14117 N Rockwell Ave, Oklahoma City, OK 73142","2026/01/01",1112,"1 Bed","Apartment"
"224","14117 N Rockwell Ave, Oklahoma City, OK 73142","2026/01/01",1224,"2 Beds","Apartment"
"225","14117 N Rockwell Ave, Oklahoma City, OK 73142","2026/01/01",1613,"3 Beds","Apartment"
"226","601 Robert S Kerr Ave, Oklahoma City, OK 73102","2026/01/01",1109,"1 Bed","Apartment"
"227","601 Robert S Kerr Ave, Oklahoma City, OK 73102","2026/01/01",1450,"2 Beds","Apartment"
"228","601 Robert S Kerr Ave, Oklahoma City, OK 73102","2026/01/01",1950,"3 Beds","Apartment"
"229","10900 S Pennsylvania Ave, Oklahoma City, OK 73170","2026/01/01",1017,"1 Bed","Apartment"
"230","10900 S Pennsylvania Ave, Oklahoma City, OK 73170","2026/01/01",1196,"2 Beds","Apartment"
"231","10900 S Pennsylvania Ave, Oklahoma City, OK 73170","2026/01/01",1431,"3 Beds","Apartment"
"232","6700 W Memorial Rd, Oklahoma City, OK 73142","2026/01/01",1048,"1 Bed","Apartment"
"233","6700 W Memorial Rd, Oklahoma City, OK 73142","2026/01/01",1342,"2 Beds","Apartment"
"234","6700 W Memorial Rd, Oklahoma City, OK 73142","2026/01/01",1551,"3 Beds","Apartment"
"235","2701 Watermark Blvd, Oklahoma City, OK 73134","2026/01/01",970,"1 Bed","Apartment"
"236","2701 Watermark Blvd, Oklahoma City, OK 73134","2026/01/01",1181,"2 Beds","Apartment"
"237","2701 Watermark Blvd, Oklahoma City, OK 73134","2026/01/01",1711,"3 Beds","Apartment"
"238","4001 NW 122nd St, Oklahoma City, OK 73120","2026/01/01",912,"1 Bed","Apartment"
"239","4001 NW 122nd St, Oklahoma City, OK 73120","2026/01/01",1166,"2 Beds","Apartment"
"240","600 N High Ave, Oklahoma City, OK 73117","2026/01/01",940,"Studio","Apartment"
"241","600 N High Ave, Oklahoma City, OK 73117","2026/01/01",1007,"1 Bed","Apartment"
"242","600 N High Ave, Oklahoma City, OK 73117","2026/01/01",1209,"2 Beds","Apartment"
"243","1540 Northwest 30th Street, Oklahoma City, OK 73118","2026/01/01",1150,"1 Bed","Apartment"
"244","1540 Northwest 30th Street, Oklahoma City, OK 73118","2026/01/01",1550,"2 Beds","Apartment"
"245","123 NE 2nd St, Oklahoma City, OK 73104","2026/01/01",1150,"1 Bed","Apartment"
"246","123 NE 2nd St, Oklahoma City, OK 73104","2026/01/01",1550,"2 Beds","Apartment"
"247","630 N Kelley Ave, Oklahoma City, OK 73117","2026/01/01",1134,"1 Bed","Apartment"
"248","630 N Kelley Ave, Oklahoma City, OK 73117","2026/01/01",1080,"2 Beds","Apartment"
"249","333 NW 5th St, Oklahoma City, OK 73102","2026/01/01",855,"Studio","Apartment"
"250","333 NW 5th St, Oklahoma City, OK 73102","2026/01/01",995,"1 Bed","Apartment"
"251","333 NW 5th St, Oklahoma City, OK 73102","2026/01/01",1530,"2 Beds","Apartment"
"252","1126 N Shartel Ave, Oklahoma City, OK 73103","2026/01/01",950,"Studio","Apartment"
"253","1126 N Shartel Ave, Oklahoma City, OK 73103","2026/01/01",995,"1 Bed","Apartment"
"254","3959 NW 122nd St, Oklahoma City, OK 73120","2026/01/01",878,"1 Bed","Apartment"
"255","3959 NW 122nd St, Oklahoma City, OK 73120","2026/01/01",1055,"2 Beds","Apartment"
"256","12601-12701 N Pennsylvania Ave, Oklahoma City, OK 73120","2026/01/01",955,"Studio","Apartment"
"257","12601-12701 N Pennsylvania Ave, Oklahoma City, OK 73120","2026/01/01",905,"1 Bed","Apartment"
"258","12601-12701 N Pennsylvania Ave, Oklahoma City, OK 73120","2026/01/01",995,"2 Beds+","Apartment"
"259","5300 W Memorial Rd, Oklahoma City, OK 73142","2026/01/01",1075,"1 Bed","Apartment"
"260","5300 W Memorial Rd, Oklahoma City, OK 73142","2026/01/01",1140,"2 Beds","Apartment"
"NA",NA,NA,NA,NA,NA
"262","2100-2408 S Santa Fe Ave, Oklahoma City, OK 73160","2026/01/01",900,"1 Bed","Apartment"
"263","2100-2408 S Santa Fe Ave, Oklahoma City, OK 73160","2026/01/01",1025,"2 Beds","Apartment"
"264","3016 SW 89th St, Oklahoma City, OK 73159","2026/01/01",850,"1 Bed","Apartment"
"265","3016 SW 89th St, Oklahoma City, OK 73159","2026/01/01",1270,"2 Beds","Apartment"
"266","4201 W Memorial Rd, Oklahoma City, OK 73134","2026/01/01",1070,"1 Bed","Apartment"
"267","4201 W Memorial Rd, Oklahoma City, OK 73134","2026/01/01",1315,"2 Beds","Apartment"
"268","4201 W Memorial Rd, Oklahoma City, OK 73134","2026/01/01",1640,"3 Beds","Apartment"
"269","10700 S May Ave, Oklahoma City, OK 73170","2026/01/01",1229,"2 Beds","Apartment"
"270","10700 S May Ave, Oklahoma City, OK 73170","2026/01/01",1659,"3 Beds","Apartment"
"271","5101 Hales Dr, Oklahoma City, OK 73112","2026/01/01",972,"1 Bed","Apartment"
"272","5101 Hales Dr, Oklahoma City, OK 73112","2026/01/01",1039,"2 Beds","Apartment"
"273","5101 Hales Dr, Oklahoma City, OK 73112","2026/01/01",1299,"3 Beds","Apartment"
"274","3101 NW 150th St, Oklahoma City, OK 73134","2026/01/01",885,"1 Bed","Apartment"
"275","3101 NW 150th St, Oklahoma City, OK 73134","2026/01/01",985,"2 Beds","Apartment"
"276","12117 Heritage Park Rd, Oklahoma City, OK 73120","2026/01/01",889,"1 Bed","Apartment"
"277","12117 Heritage Park Rd, Oklahoma City, OK 73120","2026/01/01",1229,"2 Beds","Apartment"
"278","5560 N Portland Ave, Oklahoma City, OK 73112","2026/01/01",875,"1 Bed","Apartment"
"279","5560 N Portland Ave, Oklahoma City, OK 73112","2026/01/01",975,"2 Beds","Apartment"
"280","12901 S Western Ave, Oklahoma City, OK 73170","2026/01/01",795,"1 Bed","Apartment"
"281","12901 S Western Ave, Oklahoma City, OK 73170","2026/01/01",950,"2 Beds","Apartment"
"282","3264 W Memorial Rd, Oklahoma City, OK 73120","2026/01/01",750,"1 Bed","Apartment"
"283","3264 W Memorial Rd, Oklahoma City, OK 73120","2026/01/01",1000,"2 Beds","Apartment"
"284","125 NW 15th St, Oklahoma City, OK 73103","2026/01/01",700,"Studio","Apartment"
"285","125 NW 15th St, Oklahoma City, OK 73103","2026/01/01",750,"1 Bed","Apartment"
"286","125 NW 15th St, Oklahoma City, OK 73103","2026/01/01",1003,"2 Beds","Apartment"
"287","9301 N Macarthur Blvd, Oklahoma City, OK 73132","2026/01/01",675,"1 Bed","Apartment"
"288","9301 N Macarthur Blvd, Oklahoma City, OK 73132","2026/01/01",925,"2 Beds","Apartment"
"289","9401 S Shartel Ave, Oklahoma City, OK 73139","2026/01/01",735,"Studio","Apartment"
"290","9401 S Shartel Ave, Oklahoma City, OK 73139","2026/01/01",790,"1 Bed","Apartment"
"291","9401 S Shartel Ave, Oklahoma City, OK 73139","2026/01/01",850,"2 Beds+","Apartment"
"292","1000 NW 105th St, Oklahoma City, OK 73114","2026/01/01",750,"1 Bed","Apartment"
"293","1000 NW 105th St, Oklahoma City, OK 73114","2026/01/01",849,"2 Beds","Apartment"
"294","1000 NW 105th St, Oklahoma City, OK 73114","2026/01/01",1050,"3 Beds","Apartment"
"295","2609 Featherstone Rd, Oklahoma City, OK 73120","2026/01/01",710,"1 Bed","Apartment"
"296","2609 Featherstone Rd, Oklahoma City, OK 73120","2026/01/01",850,"2 Beds","Apartment"
"297","5757 W Hefner Rd, Oklahoma City, OK 73162","2026/01/01",705,"Studio","Apartment"
"298","5757 W Hefner Rd, Oklahoma City, OK 73162","2026/01/01",700,"1 Bed","Apartment"
"299","5757 W Hefner Rd, Oklahoma City, OK 73162","2026/01/01",950,"2 Beds","Apartment"
"300","4328 SE 46th St, Oklahoma City, OK 73135","2026/01/01",700,"1 Bed","Apartment"
"301","4328 SE 46th St, Oklahoma City, OK 73135","2026/01/01",830,"2 Beds","Apartment"
"302","4328 SE 46th St, Oklahoma City, OK 73135","2026/01/01",925,"3 Beds","Apartment"
"303","1200 S Meridian Ave, Oklahoma City, OK 73108","2026/01/01",636,"1 Bed","Apartment"
"304","1200 S Meridian Ave, Oklahoma City, OK 73108","2026/01/01",785,"2 Beds","Apartment"
"305","777 E 15th St, Edmond, OK 73013","2026/01/01",1097,"1 Bed","Apartment"
"306","777 E 15th St, Edmond, OK 73013","2026/01/01",1175,"2 Beds","Apartment"
"307","777 E 15th St, Edmond, OK 73013","2026/01/01",1455,"3 Beds","Apartment"
"308","200 W 15th St, Edmond, OK 73013","2026/01/01",1011,"1 Bed","Apartment"
"309","200 W 15th St, Edmond, OK 73013","2026/01/01",1124,"2 Beds","Apartment"
"310","200 W 15th St, Edmond, OK 73013","2026/01/01",1348,"3 Beds","Apartment"
"311","9300 Orchard Blvd, Midwest City, OK 73130","2026/01/01",799,"1 Bed","Apartment"
"312","9300 Orchard Blvd, Midwest City, OK 73130","2026/01/01",899,"2 Beds","Apartment"
"313","930 S Boulevard, Edmond, OK 73034","2026/01/01",955,"1 Bed","Apartment"
"314","930 S Boulevard, Edmond, OK 73034","2026/01/01",960,"2 Beds","Apartment"
"315","2004 S Mustang Rd, Yukon, OK 73099","2026/01/01",950,"1 Bed","Apartment"
"316","2004 S Mustang Rd, Yukon, OK 73099","2026/01/01",1090,"2 Beds","Apartment"
"317","4741 Ridgeway Dr, Del City, OK 73115","2026/01/01",799,"Studio","Apartment"
"318","4741 Ridgeway Dr, Del City, OK 73115","2026/01/01",800,"1 Bed","Apartment"
"319","4741 Ridgeway Dr, Del City, OK 73115","2026/01/01",850,"2 Beds+","Apartment"
"320","7408 NW 23rd St, Bethany, OK 73008","2026/01/01",620,"1 Bed","Apartment"
"321","7408 NW 23rd St, Bethany, OK 73008","2026/01/01",710,"2 Beds","Apartment"
"322","9211 N Council Rd, Oklahoma City, OK 73132","2026/01/01",759,"1 Bed","Apartment"
"323","9211 N Council Rd, Oklahoma City, OK 73132","2026/01/01",1079,"2 Beds","Apartment"
"324","14320 Mezzaluna Blvd, Oklahoma City, OK 73134","2026/01/01",1239,"1 Bed","Apartment"
"325","14320 Mezzaluna Blvd, Oklahoma City, OK 73134","2026/01/01",1399,"2 Beds","Apartment"
"326","1100-1130 SW 77th Ter, Oklahoma City, OK 73139","2026/01/01",1100,"2 Beds",NA
"327","131 Dean A McGee Ave, Oklahoma City, OK 73102","2026/01/01",1860,"2 Beds",NA
"328","801 NW 10th St, Oklahoma City, OK 73106","2026/01/01",1082,"Studio","Apartment"
"329","801 NW 10th St, Oklahoma City, OK 73106","2026/01/01",1360,"1 Bed","Apartment"
"330","801 NW 10th St, Oklahoma City, OK 73106","2026/01/01",1586,"2 Beds+","Apartment"
"331","12500 S Western Ave, Oklahoma City, OK 73170","2026/01/01",950,"1 Bed","Apartment"
"332","12500 S Western Ave, Oklahoma City, OK 73170","2026/01/01",1125,"2 Beds","Apartment"
"333","2720 W I 240 Service Rd, Oklahoma City, OK 73159","2026/01/01",1100,"2 Beds",NA
"334","11100 Roxboro Ave, Oklahoma City, OK 73162","2026/01/01",699,"Studio","Apartment"
"335","11100 Roxboro Ave, Oklahoma City, OK 73162","2026/01/01",699,"1 Bed","Apartment"
"336","11100 Roxboro Ave, Oklahoma City, OK 73162","2026/01/01",929,"2 Beds","Apartment"
"337","3915 N Pennsylvania Ave, Oklahoma City, OK 73112","2026/01/01",950,"Studio","Apartment"
"338","3915 N Pennsylvania Ave, Oklahoma City, OK 73112","2026/01/01",1295,"1 Bed","Apartment"
"339","3915 N Pennsylvania Ave, Oklahoma City, OK 73112","2026/01/01",1495,"2 Beds","Apartment"
"340","12001-12027 Jadesdale Cir, Oklahoma City, OK 73170","2026/01/01",1495,"2 Beds","Apartment"
"341","12001-12027 Jadesdale Cir, Oklahoma City, OK 73170","2026/01/01",1595,"3 Beds","Apartment"
"342","12001-12027 Jadesdale Cir, Oklahoma City, OK 73170","2026/01/01",1995,"4 Beds","Apartment"
"343","201 SE 89th St, Oklahoma City, OK 73149","2026/01/01",910,"1 Bed","Apartment"
"344","201 SE 89th St, Oklahoma City, OK 73149","2026/01/01",930,"2 Beds","Apartment"
"345","7908 Hemingford Ct, Oklahoma City, OK 73120","2026/01/01",925,"1 Bed","Apartment"
"346","7908 Hemingford Ct, Oklahoma City, OK 73120","2026/01/01",1100,"2 Beds","Apartment"
"347","613 N Davis Ave, Oklahoma City, OK 73127","2026/01/01",750,"1 Bed","Apartment"
"348","613 N Davis Ave, Oklahoma City, OK 73127","2026/01/01",900,"2 Beds","Apartment"
"349","613 N Davis Ave, Oklahoma City, OK 73127","2026/01/01",950,"3 Beds","Apartment"
"350","500 Pointe Pkwy Blvd, Yukon, OK 73099","2026/01/01",1020,"1 Bed","Apartment"
"351","500 Pointe Pkwy Blvd, Yukon, OK 73099","2026/01/01",1130,"2 Beds","Apartment"
"352","500 Pointe Pkwy Blvd, Yukon, OK 73099","2026/01/01",1230,"3 Beds","Apartment"
"353","1677 Midtown Pl, Midwest City, OK 73130","2026/01/01",1125,"3 Beds",NA
"354","5107 N Hammond Ave, Warr Acres, OK 73122","2026/01/01",799,"1 Bed","Apartment"
"355","5107 N Hammond Ave, Warr Acres, OK 73122","2026/01/01",999,"2 Beds","Apartment"
"356","5107 N Hammond Ave, Warr Acres, OK 73122","2026/01/01",1237,"3 Beds","Apartment"
"357","7920 NW 21st St, Bethany, OK 73008","2026/01/01",790,"1 Bed","Apartment"
"358","7920 NW 21st St, Bethany, OK 73008","2026/01/01",800,"2 Beds","Apartment"
"359","360 N Pebble Creek Ter, Mustang, OK 73064","2026/01/01",1025,"2 Beds","Apartment"
"360","360 N Pebble Creek Ter, Mustang, OK 73064","2026/01/01",1505,"3 Beds","Apartment"
"361","25 Creek View Dr, Edmond, OK 73003","2026/01/01",1113,"1 Bed","Apartment"
"362","25 Creek View Dr, Edmond, OK 73003","2026/01/01",1336,"2 Beds","Apartment"
"NA.1",NA,NA,NA,NA,NA
"364","701 SW 17th St, Moore, OK 73160","2026/01/01",875,"Studio","Apartment"
"365","701 SW 17th St, Moore, OK 73160","2026/01/01",927,"1 Bed","Apartment"
"366","701 SW 17th St, Moore, OK 73160","2026/01/01",1133,"2 Beds+","Apartment"
"367","8720 S Santa Fe Ave, Oklahoma City, OK 73139","2026/01/01",1544,"2 Beds+",NA
"368","6100 N Meridian Ave, Oklahoma City, OK 73112","2026/01/01",775,"1 Bed","Apartment"
"369","6100 N Meridian Ave, Oklahoma City, OK 73112","2026/01/01",900,"2 Beds","Apartment"
"370","1292 SW 74th St, Oklahoma City, OK 73139","2026/01/01",625,"Studio","Apartment"
"371","1292 SW 74th St, Oklahoma City, OK 73139","2026/01/01",670,"1 Bed","Apartment"
"372","1292 SW 74th St, Oklahoma City, OK 73139","2026/01/01",775,"2 Beds","Apartment"
"373","6624 S May Ave, Oklahoma City, OK 73159","2026/01/01",680,"1 Bed","Apartment"
"374","6624 S May Ave, Oklahoma City, OK 73159","2026/01/01",765,"2 Beds","Apartment"
"375","1701 NW 12th St, Oklahoma City, OK 73106","2026/01/01",1375,"2 Beds",NA
"376","215 W Macarthur Dr, Oklahoma City, OK 73110","2026/01/01",950,"1 Bed","Apartment"
"377","215 W Macarthur Dr, Oklahoma City, OK 73110","2026/01/01",1000,"2 Beds","Apartment"
"378","10400 N Council Rd, Oklahoma City, OK 73162","2026/01/01",845,"1 Bed","Apartment"
"379","10400 N Council Rd, Oklahoma City, OK 73162","2026/01/01",1025,"2 Beds","Apartment"
"380","4361 W Reno Ave, Oklahoma City, OK 73107","2026/01/01",1770,"Studio","Apartment"
"381","4361 W Reno Ave, Oklahoma City, OK 73107","2026/01/01",2137,"2 Beds","Apartment"
"NA.2",NA,NA,NA,NA,NA
"383","600 NW 29th St, Oklahoma City, OK 73103","2026/01/01",1250,"1 Bed","Apartment"
"384","600 NW 29th St, Oklahoma City, OK 73103","2026/01/01",1450,"2 Beds","Apartment"
"385","4800 E Interstate 240 Service Rd, Oklahoma City, OK 73135","2026/01/01",904,"1 Bed","Apartment"
"386","4800 E Interstate 240 Service Rd, Oklahoma City, OK 73135","2026/01/01",1254,"2 Beds","Apartment"
"387","4800 E Interstate 240 Service Rd, Oklahoma City, OK 73135","2026/01/01",1427,"3 Beds","Apartment"
"388","5505 N Brookline Ave, Oklahoma City, OK 73112","2026/01/01",1089,"1 Bed","Apartment"
"389","5505 N Brookline Ave, Oklahoma City, OK 73112","2026/01/01",1259,"2 Beds","Apartment"
"390","11300 SE 15th St, Oklahoma City, OK 73130","2026/01/01",1148,"1 Bed","Apartment"
"391","11300 SE 15th St, Oklahoma City, OK 73130","2026/01/01",1245,"2 Beds","Apartment"
"392","11300 SE 15th St, Oklahoma City, OK 73130","2026/01/01",1622,"3 Beds","Apartment"
"393","1844 NW 23rd, Oklahoma City, OK 73106","2026/01/01",825,"1 Bed","Apartment"
"394","1844 NW 23rd, Oklahoma City, OK 73106","2026/01/01",975,"2 Beds","Apartment"
"395","8301 N Council Rd, Oklahoma City, OK 73132","2026/01/01",799,"1 Bed","Apartment"
"396","8301 N Council Rd, Oklahoma City, OK 73132","2026/01/01",1059,"2 Beds","Apartment"
"397","8301 N Council Rd, Oklahoma City, OK 73132","2026/01/01",1279,"3 Beds","Apartment"
"398","747 Village South Dr, Oklahoma City, OK 73139","2026/01/01",900,"3 Beds",NA
"399","3624 NW 42nd St, Oklahoma City, OK 73112","2026/01/01",725,"1 Bed","Apartment"
"400","3624 NW 42nd St, Oklahoma City, OK 73112","2026/01/01",899,"2 Beds","Apartment"
"401","2112 NW 47th St, Oklahoma City, OK 73112","2026/01/01",750,"1 Bed","Apartment"
"402","2112 NW 47th St, Oklahoma City, OK 73112","2026/01/01",940,"2 Beds","Apartment"
"403","4601 W Nicklas Ave, Oklahoma City, OK 73132","2026/01/01",899,"1 Bed","Apartment"
"404","4601 W Nicklas Ave, Oklahoma City, OK 73132","2026/01/01",999,"2 Beds","Apartment"
"405","4601 W Nicklas Ave, Oklahoma City, OK 73132","2026/01/01",1399,"3 Beds","Apartment"
"406","3235 NW 50th St, Oklahoma City, OK 73112","2026/01/01",814,"1 Bed","Apartment"
"407","3235 NW 50th St, Oklahoma City, OK 73112","2026/01/01",969,"2 Beds","Apartment"
"408","9701 SW 29th St, Oklahoma City, OK 73128","2026/01/01",1699,"2 Beds",NA
"409","4020 Versailles Blvd, Oklahoma City, OK 73116","2026/01/01",1176,"2 Beds","Apartment"
"410","4020 Versailles Blvd, Oklahoma City, OK 73116","2026/01/01",1344,"3 Beds","Apartment"
"411","6305 N Villa Ave, Oklahoma City, OK 73112","2026/01/01",875,"1 Bed","Apartment"
"412","6305 N Villa Ave, Oklahoma City, OK 73112","2026/01/01",1100,"2 Beds","Apartment"
"413","6305 N Villa Ave, Oklahoma City, OK 73112","2026/01/01",1516,"3 Beds","Apartment"
"414","7201 Melrose Ln, Oklahoma City, OK 73127","2026/01/01",810,"3 Beds",NA
"415","627 NW 5th St, Oklahoma City, OK 73102","2026/01/01",1275,"Studio","Apartment"
"416","627 NW 5th St, Oklahoma City, OK 73102","2026/01/01",1125,"1 Bed","Apartment"
"417","627 NW 5th St, Oklahoma City, OK 73102","2026/01/01",1425,"2 Beds","Apartment"
"418","12700 N Macarthur Blvd, Oklahoma City, OK 73142","2026/01/01",989,"1 Bed","Apartment"
"419","12700 N Macarthur Blvd, Oklahoma City, OK 73142","2026/01/01",1119,"2 Beds","Apartment"
"420","2300 W I 240 Service Rd, Oklahoma City, OK 73159","2026/01/01",828,"1 Bed","Apartment"
"421","2300 W I 240 Service Rd, Oklahoma City, OK 73159","2026/01/01",928,"2 Beds","Apartment"
"422","6801 NW 122nd St, Oklahoma City, OK 73142","2026/01/01",775,"1 Bed","Apartment"
"423","6801 NW 122nd St, Oklahoma City, OK 73142","2026/01/01",1163,"2 Beds","Apartment"
"424","6100 Masons Dr, Oklahoma City, OK 73142","2026/01/01",1400,"2 Beds",NA
"425","413 W Britton Rd, Oklahoma City, OK 73114","2026/01/01",760,"1 Bed","Apartment"
"426","413 W Britton Rd, Oklahoma City, OK 73114","2026/01/01",840,"2 Beds","Apartment"
"427","10800 N Council Rd, Oklahoma City, OK 73162","2026/01/01",859,"1 Bed","Apartment"
"428","10800 N Council Rd, Oklahoma City, OK 73162","2026/01/01",879,"2 Beds","Apartment"
"429","10800 N Council Rd, Oklahoma City, OK 73162","2026/01/01",1159,"3 Beds","Apartment"
"430","1919 NW 142nd St, Oklahoma City, OK 73134","2026/01/01",916,"1 Bed","Apartment"
"431","1919 NW 142nd St, Oklahoma City, OK 73134","2026/01/01",1100,"2 Beds","Apartment"
"432","5113 N Brookline Ave, Oklahoma City, OK 73112","2026/01/01",800,"1 Bed","Apartment"
"433","5113 N Brookline Ave, Oklahoma City, OK 73112","2026/01/01",1000,"2 Beds","Apartment"
"434","3509 N Nesbitt Ave, Oklahoma City, OK 73112","2026/01/01",795,"2 Beds",NA
"435","11777 N Meridian Pl, Oklahoma City, OK 73162","2026/01/01",839,"Studio","Apartment"
"436","11777 N Meridian Pl, Oklahoma City, OK 73162","2026/01/01",839,"1 Bed","Apartment"
"437","11777 N Meridian Pl, Oklahoma City, OK 73162","2026/01/01",1129,"2 Beds","Apartment"
"438","1301 W Hefner Rd, Oklahoma City, OK 73114","2026/01/01",973,"1 Bed","Apartment"
"439","1301 W Hefner Rd, Oklahoma City, OK 73114","2026/01/01",1333,"2 Beds","Apartment"
"440","6708 W Wilshire Blvd, Oklahoma City, OK 73132","2026/01/01",1000,"2 Beds","Apartment"
"441","6708 W Wilshire Blvd, Oklahoma City, OK 73132","2026/01/01",1100,"3 Beds","Apartment"
"442","6708 W Wilshire Blvd, Oklahoma City, OK 73132","2026/01/01",1450,"4 Beds","Apartment"
"443","2404 N Reeves Ave, Oklahoma City, OK 73127","2026/01/01",750,"1 Bed","Apartment"
"444","2404 N Reeves Ave, Oklahoma City, OK 73127","2026/01/01",900,"2 Beds","Apartment"
"445","1424 Highland Park Blvd, Oklahoma City, OK 73114","2026/01/01",1195,"Studio","Apartment"
"446","1424 Highland Park Blvd, Oklahoma City, OK 73114","2026/01/01",1295,"1 Bed","Apartment"
"447","1424 Highland Park Blvd, Oklahoma City, OK 73114","2026/01/01",1685,"2 Beds","Apartment"
"448","3708 S Douglas Ave, Oklahoma City, OK 73109","2026/01/01",893,"1 Bed","Apartment"
"449","3708 S Douglas Ave, Oklahoma City, OK 73109","2026/01/01",1026,"2 Beds","Apartment"
"450","9990 S May Ave, Oklahoma City, OK 73159","2026/01/01",1169,"Studio","Apartment"
"451","9990 S May Ave, Oklahoma City, OK 73159","2026/01/01",1153,"1 Bed","Apartment"
"452","9990 S May Ave, Oklahoma City, OK 73159","2026/01/01",1399,"2 Beds+","Apartment"
"453","4101 NW Expressway, Oklahoma City, OK 73116","2026/01/01",879,"1 Bed","Apartment"
"454","4101 NW Expressway, Oklahoma City, OK 73116","2026/01/01",999,"2 Beds","Apartment"
"455","4101 NW Expressway, Oklahoma City, OK 73116","2026/01/01",1299,"3 Beds","Apartment"
"456","7125 S Santa Fe Ave, Oklahoma City, OK 73139","2026/01/01",790,"1 Bed","Apartment"
"457","7125 S Santa Fe Ave, Oklahoma City, OK 73139","2026/01/01",900,"2 Beds","Apartment"
"458","7125 S Santa Fe Ave, Oklahoma City, OK 73139","2026/01/01",1200,"3 Beds","Apartment"
"459","1601 NW 30th St, Oklahoma City, OK 73118","2026/01/01",699,"Studio","Apartment"
"460","1601 NW 30th St, Oklahoma City, OK 73118","2026/01/01",759,"1 Bed","Apartment"
"461","1601 NW 30th St, Oklahoma City, OK 73118","2026/01/01",849,"2 Beds","Apartment"
"462","4020 S Douglas Ave, Oklahoma City, OK 73109","2026/01/01",725,"1 Bed","Apartment"
"463","4020 S Douglas Ave, Oklahoma City, OK 73109","2026/01/01",825,"2 Beds","Apartment"
"464","7524 NW 10th St, Oklahoma City, OK 73127","2026/01/01",695,"1 Bed","Apartment"
"465","7524 NW 10th St, Oklahoma City, OK 73127","2026/01/01",895,"2 Beds","Apartment"
"466","7524 NW 10th St, Oklahoma City, OK 73127","2026/01/01",1050,"3 Beds","Apartment"
"467","6810 NW 16th St, Oklahoma City, OK 73127","2026/01/01",698,"1 Bed","Apartment"
"468","6810 NW 16th St, Oklahoma City, OK 73127","2026/01/01",945,"2 Beds","Apartment"
"469","6810 NW 16th St, Oklahoma City, OK 73127","2026/01/01",1199,"3 Beds","Apartment"
"470","404 SW 26th St, Oklahoma City, OK 73109","2026/01/01",695,"3 Beds",NA
"471","2814 SW 59th St, Oklahoma City, OK 73119","2026/01/01",690,"Studio","Apartment"
"472","2814 SW 59th St, Oklahoma City, OK 73119","2026/01/01",725,"1 Bed","Apartment"
"473","2814 SW 59th St, Oklahoma City, OK 73119","2026/01/01",825,"2 Beds","Apartment"
"474","12205 S Western Ave, Oklahoma City, OK 73170","2026/01/01",969,"1 Bed","Apartment"
"475","12205 S Western Ave, Oklahoma City, OK 73170","2026/01/01",1248,"2 Beds","Apartment"
"476","12205 S Western Ave, Oklahoma City, OK 73170","2026/01/01",1319,"3 Beds","Apartment"
"477","425 NW 12th St, Oklahoma City, OK 73103","2026/01/01",793,"Studio","Apartment"
"478","425 NW 12th St, Oklahoma City, OK 73103","2026/01/01",980,"1 Bed","Apartment"
"479","2119 SW 39th St, Oklahoma City, OK 73119","2026/01/01",660,"1 Bed","Apartment"
"480","2119 SW 39th St, Oklahoma City, OK 73119","2026/01/01",849,"2 Beds","Apartment"
"481","4025 N Meridian Ave, Oklahoma City, OK 73112","2026/01/01",694,"Studio","Apartment"
"482","4025 N Meridian Ave, Oklahoma City, OK 73112","2026/01/01",800,"1 Bed","Apartment"
"483","1441 NW 92nd St, Oklahoma City, OK 73114","2026/01/01",695,"1 Bed",NA
"484","717 Santa Rosa Dr, Oklahoma City, OK 73139","2026/01/01",849,"1 Bed","Apartment"
"485","717 Santa Rosa Dr, Oklahoma City, OK 73139","2026/01/01",849,"2 Beds","Apartment"
"486","717 Santa Rosa Dr, Oklahoma City, OK 73139","2026/01/01",1195,"3 Beds","Apartment"
"487","521 N Council Rd, Oklahoma City, OK 73127","2026/01/01",649,"Studio","Apartment"
"488","521 N Council Rd, Oklahoma City, OK 73127","2026/01/01",779,"1 Bed","Apartment"
"489","521 N Council Rd, Oklahoma City, OK 73127","2026/01/01",949,"2 Beds","Apartment"
"490","4215 SE 53rd St, Oklahoma City, OK 73135","2026/01/01",790,"1 Bed","Apartment"
"491","4215 SE 53rd St, Oklahoma City, OK 73135","2026/01/01",890,"2 Beds","Apartment"
"492","600 N Council Rd, Oklahoma City, OK 73127","2026/01/01",659,"1 Bed","Apartment"
"493","600 N Council Rd, Oklahoma City, OK 73127","2026/01/01",779,"2 Beds","Apartment"
"494","6219 S Independence Ave, Oklahoma City, OK 73159","2026/01/01",700,"2 Beds","Apartment"
"495","6219 S Independence Ave, Oklahoma City, OK 73159","2026/01/01",900,"3 Beds","Apartment"
"496","2301 NW 122nd St, Oklahoma City, OK 73120","2026/01/01",839,"1 Bed","Apartment"
"497","2301 NW 122nd St, Oklahoma City, OK 73120","2026/01/01",1105,"2 Beds","Apartment"
"498","5901 NW 34th St, Oklahoma City, OK 73122","2026/01/01",749,"1 Bed","Apartment"
"499","5901 NW 34th St, Oklahoma City, OK 73122","2026/01/01",675,"2 Beds","Apartment"
"NA.3",NA,NA,NA,NA,NA
"501","6000 Will Rogers Rd, Oklahoma City, OK 73110","2026/01/01",699,"1 Bed","Apartment"
"502","6000 Will Rogers Rd, Oklahoma City, OK 73110","2026/01/01",799,"2 Beds","Apartment"
"503","3339 SW 74th St, Oklahoma City, OK 73159","2026/01/01",817,"2 Beds",NA
"504","2600 W I 240 Service Rd, Oklahoma City, OK 73159","2026/01/01",750,"Studio","Apartment"
"505","2600 W I 240 Service Rd, Oklahoma City, OK 73159","2026/01/01",950,"1 Bed","Apartment"
"506","2600 W I 240 Service Rd, Oklahoma City, OK 73159","2026/01/01",999,"2 Beds+","Apartment"
"507","10735 N Western Ave, Oklahoma City, OK 73114","2026/01/01",799,"1 Bed","Apartment"
"508","10735 N Western Ave, Oklahoma City, OK 73114","2026/01/01",949,"2 Beds","Apartment"
"509","10735 N Western Ave, Oklahoma City, OK 73114","2026/01/01",1149,"3 Beds","Apartment"
"510","5825 NW 34th St, Oklahoma City, OK 73122","2026/01/01",650,"1 Bed","Apartment"
"511","5825 NW 34th St, Oklahoma City, OK 73122","2026/01/01",700,"2 Beds","Apartment"
"NA.4",NA,NA,NA,NA,NA
"513","3017 Delview Dr, Oklahoma City, OK 73115","2026/01/01",725,"1 Bed","Apartment"
"514","3017 Delview Dr, Oklahoma City, OK 73115","2026/01/01",835,"2 Beds","Apartment"
"515","3017 Delview Dr, Oklahoma City, OK 73115","2026/01/01",965,"3 Beds","Apartment"
"516","2759 W I-240 Service Rd, Oklahoma City, OK 73159","2026/01/01",601,"3 Beds",NA
"517","12831 Stratford Dr, Oklahoma City, OK 73120","2026/01/01",797,"1 Bed","Apartment"
"518","12831 Stratford Dr, Oklahoma City, OK 73120","2026/01/01",904,"2 Beds","Apartment"
"519","12831 Stratford Dr, Oklahoma City, OK 73120","2026/01/01",1299,"3 Beds","Apartment"
"520","403 Tinker Diagonal St, Oklahoma City, OK 73129","2026/01/01",815,"1 Bed","Apartment"
"521","403 Tinker Diagonal St, Oklahoma City, OK 73129","2026/01/01",750,"2 Beds","Apartment"
"522","403 Tinker Diagonal St, Oklahoma City, OK 73129","2026/01/01",1050,"3 Beds","Apartment"
"523","2321 N Meridian Ave, Oklahoma City, OK 73107","2026/01/01",750,"2 Beds","Apartment"
"524","2321 N Meridian Ave, Oklahoma City, OK 73107","2026/01/01",1000,"3 Beds","Apartment"
"525","3100 NW Expressway, Oklahoma City, OK 73112","2026/01/01",701,"1 Bed","Apartment"
"526","3100 NW Expressway, Oklahoma City, OK 73112","2026/01/01",855,"2 Beds","Apartment"
"527","3100 NW Expressway, Oklahoma City, OK 73112","2026/01/01",1318,"3 Beds+","Apartment"
"528","1112 SE 14th St, Moore, OK 73160","2026/01/01",1360,"3 Beds+",NA
"529","120 NE 21st St, Moore, OK 73160","2026/01/01",845,"1 Bed","Apartment"
"530","120 NE 21st St, Moore, OK 73160","2026/01/01",995,"2 Beds","Apartment"
"531","4108 Cove Dr, Yukon, OK 73099","2026/01/01",1350,"2 Beds","Apartment"
"532","4108 Cove Dr, Yukon, OK 73099","2026/01/01",1650,"3 Beds","Apartment"
"533","9900 Hwy 66 W, Yukon, OK 73099","2026/01/01",980,"1 Bed","Apartment"
"534","9900 Hwy 66 W, Yukon, OK 73099","2026/01/01",1185,"2 Beds","Apartment"
"535","55 N Ranchwood Blvd, Yukon, OK 73099","2026/01/01",800,"1 Bed","Apartment"
"536","55 N Ranchwood Blvd, Yukon, OK 73099","2026/01/01",1075,"2 Beds","Apartment"
"537","2004 S Mustang Rd, Yukon, OK 73099","2026/01/01",975,"1 Bed","Apartment"
"538","2004 S Mustang Rd, Yukon, OK 73099","2026/01/01",1135,"2 Beds","Apartment"
"539","11501 SW 15th St, Yukon, OK 73099","2026/01/01",950,"1 Bed","Apartment"
"540","11501 SW 15th St, Yukon, OK 73099","2026/01/01",1065,"2 Beds","Apartment"
"541","11501 SW 15th St, Yukon, OK 73099","2026/01/01",1345,"3 Beds+","Apartment"
"542","1800 N Rockwell Ave, Bethany, OK 73008","2026/01/01",750,"1 Bed","Apartment"
"543","1800 N Rockwell Ave, Bethany, OK 73008","2026/01/01",850,"2 Beds","Apartment"
"544","1800 N Rockwell Ave, Bethany, OK 73008","2026/01/01",1100,"3 Beds","Apartment"
"545","14140 N Broadway Ext, Edmond, OK 73013","2026/01/01",1133,"2 Beds","Apartment"
"546","14140 N Broadway Ext, Edmond, OK 73013","2026/01/01",1282,"3 Beds","Apartment"
"547","14140 N Broadway Ext, Edmond, OK 73013","2026/01/01",1750,"4 Beds","Apartment"
"548","10801 W Ok-66 Hwy, Yukon, OK 73099","2026/01/01",930,"1 Bed","Apartment"
"549","10801 W Ok-66 Hwy, Yukon, OK 73099","2026/01/01",1090,"2 Beds","Apartment"
"550","240 E 15th St, Edmond, OK 73013","2026/01/01",795,"Studio","Apartment"
"551","240 E 15th St, Edmond, OK 73013","2026/01/01",925,"1 Bed","Apartment"
"552","240 E 15th St, Edmond, OK 73013","2026/01/01",1050,"2 Beds","Apartment"
"553","11501 Lochwood Dr, Yukon, OK 73099","2026/01/01",775,"1 Bed","Apartment"
"554","11501 Lochwood Dr, Yukon, OK 73099","2026/01/01",1013,"2 Beds","Apartment"
"555","1401 N Midwest City Blvd, Midwest City, OK 73110","2026/01/01",800,"1 Bed","Apartment"
"556","1401 N Midwest City Blvd, Midwest City, OK 73110","2026/01/01",940,"2 Beds","Apartment"
"557","1401 N Midwest City Blvd, Midwest City, OK 73110","2026/01/01",1000,"3 Beds","Apartment"
"558","13705 Verona Strada, Oklahoma City, OK 73170","2026/01/01",2295,"3 Beds","House"
"559","12533 Youngs Pl, Oklahoma City, OK 73170","2026/01/01",1965,"3 Beds","House"
"560","14017 Land Run Rd, Oklahoma City, OK 73170","2026/01/01",1730,"3 Beds","House"
"561","4300 W I 40 Service Rd, Oklahoma City, OK 73108","2026/01/01",959,"3 Beds","House"
"562","4112 E Interstate 240 Service Rd, Oklahoma City, OK 73135","2026/01/01",959,"3 Beds","House"
"563","4811 Northwest Expy, Oklahoma City, OK 73132","2026/01/01",1989,"3 Beds","House"
"564","2720 Northwest Expy, Oklahoma City, OK 73112","2026/01/01",1259,"3 Beds","House"
"565","3800 W I 44 Service Rd, Oklahoma City, OK 73112","2026/01/01",839,"3 Beds","House"
"566","323 NW 26th St, Oklahoma City, OK 73103","2026/01/01",1495,"2 Beds, 1 Bath, 1,200 sq ft","House"
"567","2020 Sara Vista Dr, Yukon, OK 73099","2026/01/01",2080,"2 Beds, 1 Bath, 1,200 sq ft","House"
"568","2525 NW 194th St, Edmond, OK 73012","2026/01/01",2400,"2 Beds, 1 Bath, 1,200 sq ft","House"
"569","2322 Melody Dr, Edmond, OK 73012","2026/01/01",1670,"2 Beds, 1 Bath, 1,200 sq ft","House"
"570","15517 Arbuckle Heights, Edmond, OK 73013","2026/01/01",1980,"2 Beds, 1 Bath, 1,200 sq ft","House"
"571","1501 Meadow Run, Moore, OK 73160","2026/01/01",1595,"2 Beds, 1 Bath, 1,200 sq ft","House"
"572","3901 NW 166th Terrace, Edmond, OK 73012","2026/01/01",2430,"2 Beds, 1 Bath, 1,200 sq ft","House"
"573","4309 Norfolk Ct, Edmond, OK 73012","2026/01/01",2530,"2 Beds, 1 Bath, 1,200 sq ft","House"
"574","1819 Chelsea Dr, Edmond, OK 73013","2026/01/01",2040,"2 Beds, 1 Bath, 1,200 sq ft","House"
"575","1216 Pine Valley, Edmond, OK 73012","2026/01/01",2120,"2 Beds, 1 Bath, 1,200 sq ft","House"
"576","3033 Tinker Diagonal, Del City, OK 73115","2026/01/01",839,"2 Beds, 1 Bath, 1,200 sq ft","House"
"577","2504 Tyler Ln, Moore, OK 73170","2026/01/01",1870,"2 Beds, 1 Bath, 1,200 sq ft","House"
"578","1808 Lago Dr, Moore, OK 73160","2026/01/01",2665,"2 Beds, 1 Bath, 1,200 sq ft","House"
"579","700 NW 4th St, Oklahoma City, OK 73102","2026/01/01",1220,"Unit 228 at Muse","House"
"580","1700 NW 17th, Oklahoma City, OK 73106","2026/01/01",1100,"1 Bed","Apartment"
"581","1700 NW 17th, Oklahoma City, OK 73106","2026/01/01",1250,"2 Beds","Apartment"
"582","1700 Spoke St, Oklahoma City, OK 73108","2026/01/01",1300,"1 Bed","Apartment"
"583","1700 Spoke St, Oklahoma City, OK 73108","2026/01/01",2100,"2 Beds","Apartment"
"584","138 NE 14th St, Oklahoma City, OK 73104","2026/01/01",3500,"Highland Row","House"
"585","311 SE 66th St, Oklahoma City, OK 73149","2026/01/01",700,"1 Bed","Apartment"
"586","311 SE 66th St, Oklahoma City, OK 73149","2026/01/01",800,"2 Beds","Apartment"
"587","831-835 East Dr, Oklahoma City, OK 73105","2026/01/01",825,"Studio","Apartment"
"588","831-835 East Dr, Oklahoma City, OK 73105","2026/01/01",840,"1 Bed","Apartment"
"589","2000-2017 N Blackwelder Ave, Oklahoma City, OK 73106","2026/01/01",775,"Studio","Apartment"
"590","2000-2017 N Blackwelder Ave, Oklahoma City, OK 73106","2026/01/01",895,"1 Bed","Apartment"
"591","2000-2017 N Blackwelder Ave, Oklahoma City, OK 73106","2026/01/01",995,"2 Beds","Apartment"
"592","2208 Felix Pl, Oklahoma City, OK 73110","2026/01/01",645,"1 Bed","Apartment"
"593","2208 Felix Pl, Oklahoma City, OK 73110","2026/01/01",725,"2 Beds","Apartment"
"594","5901 S May Ave, Oklahoma City, OK 73119","2026/01/01",749,"1 Bed","Apartment"
"595","5901 S May Ave, Oklahoma City, OK 73119","2026/01/01",795,"2 Beds","Apartment"
"596","501 SW 15th St, Edmond, OK 73013","2026/01/01",835,"Studio","Apartment"
"597","501 SW 15th St, Edmond, OK 73013","2026/01/01",935,"1 Bed","Apartment"
"598","501 SW 15th St, Edmond, OK 73013","2026/01/01",895,"2 Beds+","Apartment"
"599","8113 S Western Ave, Oklahoma City, OK 73139","2026/01/01",688,"1 Bed","Apartment"
"600","8113 S Western Ave, Oklahoma City, OK 73139","2026/01/01",943,"2 Beds","Apartment"
"601","9516 S Shields Blvd, Moore, OK 73160","2026/01/01",1050,"Unit 127 at Countryside Village Apartments","House"
"602","1616 NW 17th St, Oklahoma City, OK 73106","2026/01/01",1075,"Studio","Apartment"
"603","1616 NW 17th St, Oklahoma City, OK 73106","2026/01/01",1325,"1 Bed","Apartment"
"604","5617 S May Ave, Oklahoma City, OK 73119","2026/01/01",717,"Carmel Terrace","House"
"605","1600 NW 16th St, Oklahoma City, OK 73106","2026/01/01",1350,"1 Bed","Apartment"
"606","1600 NW 16th St, Oklahoma City, OK 73106","2026/01/01",1675,"2 Beds","Apartment"
"607","414 NW 24th St, Oklahoma City, OK 73103","2026/01/01",895,"414 NW 24th St","House"
"608","4614 N MacArthur Blvd, Oklahoma City, OK 73122","2026/01/01",1350,"Josephine's Plaza","House"
"609","4300 Caravel Dr, Yukon, OK 73099","2026/01/01",1109,"Unit 0936 at The Ridge @ 66","House"
"610","4301 N Pennsylvania Ave, Oklahoma City, OK 73112","2026/01/01",750,"Studio","Apartment"
"611","4301 N Pennsylvania Ave, Oklahoma City, OK 73112","2026/01/01",800,"1 Bed","Apartment"
"612","4301 N Pennsylvania Ave, Oklahoma City, OK 73112","2026/01/01",1045,"2 Beds","Apartment"
"613","6300 N Meridian Ave, Oklahoma City, OK 73112","2026/01/01",695,"Studio","Apartment"
"614","6300 N Meridian Ave, Oklahoma City, OK 73112","2026/01/01",700,"1 Bed","Apartment"
"615","6300 N Meridian Ave, Oklahoma City, OK 73112","2026/01/01",750,"2 Beds","Apartment"
"616","1125 W Edmond Rd, Edmond, OK 73003","2026/01/01",1455,"Unit 13205 at Kelly Hollow","Apartment"
"617","1433 NW 24th St, Oklahoma City, OK 73106","2026/01/01",700,"1 Bed","Apartment"
"618","1433 NW 24th St, Oklahoma City, OK 73106","2026/01/01",875,"2 Beds","Apartment"
"619","3451 SE 44th St, Oklahoma City, OK 73135","2026/01/01",675,"Studio","Apartment"
"620","3451 SE 44th St, Oklahoma City, OK 73135","2026/01/01",700,"1 Bed","Apartment"
"621","1105-1/2 W I 240 Service Rd, Oklahoma City, OK 73139","2026/01/01",745,"1 Bed","Apartment"
"622","1105-1/2 W I 240 Service Rd, Oklahoma City, OK 73139","2026/01/01",845,"2 Beds","Apartment"
"623","727 N Macarthur Blvd, Oklahoma City, OK 73127","2026/01/01",750,"1 Bed","Apartment"
"624","727 N Macarthur Blvd, Oklahoma City, OK 73127","2026/01/01",825,"2 Beds","Apartment"
"625","727 N Macarthur Blvd, Oklahoma City, OK 73127","2026/01/01",1000,"3 Beds","Apartment"
"626","7550 NW 10th St, Oklahoma City, OK 73127","2026/01/01",700,"1 Bed","Apartment"
"627","7550 NW 10th St, Oklahoma City, OK 73127","2026/01/01",800,"2 Beds","Apartment"
"628","5200 Oak St, Oklahoma City, OK 73112","2026/01/01",1977,"Unit 1446 at Residences at OAK","Apartment"
"629","900 NW 24th St, Oklahoma City, OK 73106","2026/01/01",725,"Studio","Apartment"
"630","900 NW 24th St, Oklahoma City, OK 73106","2026/01/01",850,"1 Bed","Apartment"
"631","1402 SW 59th St, Oklahoma City, OK 73119","2026/01/01",750,"2 Beds","Apartment"
"632","1402 SW 59th St, Oklahoma City, OK 73119","2026/01/01",850,"3 Beds","Apartment"
"633","5542 S Walker Ave, Oklahoma City, OK 73109","2026/01/01",675,"1 Bed","Apartment"
"634","5542 S Walker Ave, Oklahoma City, OK 73109","2026/01/01",825,"2 Beds","Apartment"
"635","4708 SE 44th St, Oklahoma City, OK 73135","2026/01/01",650,"Studio","Apartment"
"636","4708 SE 44th St, Oklahoma City, OK 73135","2026/01/01",725,"1 Bed","Apartment"
"637","4708 SE 44th St, Oklahoma City, OK 73135","2026/01/01",799,"2 Beds","Apartment"
"638","4020 N Meridian Ave, Oklahoma City, OK 73112","2026/01/01",699,"1 Bed","Apartment"
"639","4020 N Meridian Ave, Oklahoma City, OK 73112","2026/01/01",799,"2 Beds","Apartment"
"640","101 N Broadway Ave, Oklahoma City, OK 73102","2026/01/01",1480,"Unit 209 at The Harlow","Apartment"
"641","7652 NW 10th St, Oklahoma City, OK 73127","2026/01/01",605,"1 Bed","Apartment"
"642","7652 NW 10th St, Oklahoma City, OK 73127","2026/01/01",645,"2 Beds","Apartment"
"643","7652 NW 10th St, Oklahoma City, OK 73127","2026/01/01",925,"3 Beds","Apartment"
"644","5909 S Lee Ave, Oklahoma City, OK 73109","2026/01/01",815,"1 Bed","Apartment"
"645","5909 S Lee Ave, Oklahoma City, OK 73109","2026/01/01",915,"2 Beds","Apartment"
"646","10524 SW 38th St, Mustang, OK 73064","2026/01/01",1721,"3 Beds","Apartment"
"647","10524 SW 38th St, Mustang, OK 73064","2026/01/01",1775,"4 Beds","Apartment"
"648","10524 SW 38th St, Mustang, OK 73064","2026/01/01",2099,"5 Beds","Apartment"
"649","1312 N Norman Ave, Moore, OK 73160","2026/01/01",699,"Towne Manor","Apartment"
"650","471 N Harr Dr, Midwest City, OK 73110","2026/01/01",647,"Studio","Apartment"
"651","471 N Harr Dr, Midwest City, OK 73110","2026/01/01",647,"1 Bed","Apartment"
"652","471 N Harr Dr, Midwest City, OK 73110","2026/01/01",871,"2 Beds","Apartment"
"653","5340 NW 42nd St, Warr Acres, OK 73122","2026/01/01",550,"1 Bed","Apartment"
"654","5340 NW 42nd St, Warr Acres, OK 73122","2026/01/01",700,"2 Beds","Apartment"
"655","12701 N Pennsylvania Ave, Oklahoma City, OK 73120","2026/01/01",2997,"1 Bed","Apartment"
"656","8705 Lakeaire Dr, Oklahoma City, OK 73132","2026/01/01",2200,"4 Beds","Apartment"
"657","1417 SW 133rd St, Oklahoma City, OK 73170","2026/01/01",1895,"4 Beds","Apartment"
"658","15904 Tall Grass Dr, Oklahoma City, OK 73170","2026/01/01",2125,"4 Beds","Apartment"
"659","901 Hangar Dr, Oklahoma City, OK 73108","2026/01/01",1550,"1 Bed, 1 Bath, 705 sq ft","Apartment"
"660","3321 NW 177th Ct, Oklahoma City, OK 73012","2026/01/01",1960,"3 Beds","Apartment"
"661","9400 S Country Club Dr, Oklahoma City, OK 73159","2026/01/01",1525,"4 Beds","Apartment"
"662","4208 Umbria Rd, Oklahoma City, OK 73179","2026/01/01",1545,"4 Beds","Apartment"
"664","2117 NW 37th St, Oklahoma City, OK 73112","2026/01/01",1300,"2 Beds","Apartment"
"665","11239 N Pennsylvania Ave, Oklahoma City, OK 73120","2026/01/01",1015,"2 Beds, 1 Bath, 900 sq ft","Apartment"
"666","2024 NW 26th St, Oklahoma City, OK 73106","2026/01/01",1099,"2 Beds","Apartment"
"667","3901 N Flynn Ave, Oklahoma City, OK 73112","2026/01/01",1200,"1 Bed","Apartment"
"668","8916 Northridge Terrace, Oklahoma City, OK 73132","2026/01/01",1610,"3 Beds","Apartment"
"669","9713 Hummingbird Ln, Oklahoma City, OK 73162","2026/01/01",1710,"4 Beds","Apartment"
"670","5531 S Sunnylane Rd, Oklahoma City, OK 73135","2026/01/01",849,"2 Beds","Apartment"
"671","3625 NW 53rd St, Oklahoma City, OK 73112","2026/01/01",3200,"3 Beds","Apartment"
"672","6370 W Wilshire Blvd, Oklahoma City, OK 73132","2026/01/01",725,"2 Beds","Apartment"
"673","6370 W Wilshire Blvd Unit 16, Oklahoma City, OK 73132","2026/01/01",1049,"3 Beds | 1.5 Baths","Apartment"
"674","3718 NW 11th St, Oklahoma City, OK 73107","2026/01/01",945,"2 Beds","House"
"675","509 NW 18th St, Oklahoma City, OK 73103","2026/01/01",1750,"2 Beds","House"
"676","8557 Candlewood Dr, Oklahoma City, OK 73132","2026/01/01",1025,"2 Beds, 2 Baths, 1,025 sq ft","House"
"677","11224 Paradise Out Ln, Oklahoma City, OK 73131","2026/01/01",1805,"4 Beds","House"
"678","6807 Cricket Canyon Rd, Oklahoma City, OK 73162","2026/01/01",1570,"3 Beds","House"
"679","2345 NW 31st St, Oklahoma City, OK 73112","2026/01/01",1225,"3 Beds","House"
"680","2604 SW 38th St, Oklahoma City, OK 73119","2026/01/01",1050,"3 Beds","House"
"681","6001 Gaelic Glen Dr, Oklahoma City, OK 73142","2026/01/01",1520,"3 Beds","House"
"682","6001 Bentwood Dr, Oklahoma City, OK 73169","2026/01/01",2145,"3 Beds","House"
"683","4015 NE 19th Cir, Oklahoma City, OK 73121","2026/01/01",1033,"2 Beds | 1 Bath | 830 sq ft","House"
"684","2916 SE 97th St, Oklahoma City, OK 73160","2026/01/01",1640,"3 Beds","House"
"686","3708 Windrun Pl, Oklahoma City, OK 73179","2026/01/01",1590,"4 Beds","House"
"687","605 SW 119th St, Oklahoma City, OK 73170","2026/01/01",1189,"1 Bed, 1 Bath, 766 sq ft","House"
"688","2912 Firefly Dr, Oklahoma City, OK 73099","2026/01/01",1975,"4 Beds","House"
"689","705 Waterview Rd, Oklahoma City, OK 73170","2026/01/01",1595,"3 Beds","House"
"690","8300 NW 10th St, Oklahoma City, OK 73127","2026/01/01",1145,"3 Beds","House"
"691","2442 NW 39th St, Oklahoma City, OK 73112","2026/01/01",849,"2 Beds","House"
"692","14407 N Pennsylvania Ave, Oklahoma City, OK 73134","2026/01/01",775,"1 Bed","House"
"693","4701 N McKinley Ave, Oklahoma City, OK 73118","2026/01/01",1149,"2 Beds","House"
"694","11319 Paradise Out Ln, Oklahoma City, OK 73131","2026/01/01",1890,"3 Beds","House"
"695","8829 Parkridge Dr, Oklahoma City, OK 73132","2026/01/01",2070,"4 Beds","House"
"696","3004 SW 124th St, Oklahoma City, OK 73170","2026/01/01",2040,"3 Beds","House"
"697","1220 NW 36th St, Oklahoma City, OK 73118","2026/01/01",1595,"3 Beds","House"
"698","11224 Paradise In Dr, Oklahoma City, OK 73131","2026/01/01",1850,"4 Beds","House"
"699","4207 N Reeder Ave, Oklahoma City, OK 73122","2026/01/01",1850,"4 Beds","House"
"700","10416 Westover Ave, Oklahoma City, OK 73162","2026/01/01",2340,"4 Beds","House"
"701","2109 NW 115th Terrace, Oklahoma City, OK 73120","2026/01/01",1785,"4 Beds","House"
"702","11316 Paradise In Dr, Oklahoma City, OK 73131","2026/01/01",1770,"3 Beds","House"
"703","12401-12401 N MacArthur Blvd, Oklahoma City, OK 73142","2026/01/01",851,"1 Bed, 1 Bath, 700 sq ft","House"
"704","641 SW 161st St, Oklahoma City, OK 73170","2026/01/01",1725,"4 Beds","House"
"705","9516 Gray Wolf Ln, Oklahoma City, OK 73099","2026/01/01",1499,"3 Beds","House"
"706","301 S Ranchwood Manor Dr, Oklahoma City, OK 73139","2026/01/01",1800,"3 Beds | 3 Baths | 2,028 sq ft","House"
"707","1705 NW 40th St, Oklahoma City, OK 73118","2026/01/01",900,"2 Beds | 1 Bath | 1,093 sq ft","House"
"708","507 NE 61st St, Oklahoma City, OK 73105","2026/01/01",1550,"3 Beds","House"
"709","140 N Park Ave, Oklahoma City, OK 73102","2026/01/01",2625,"1 Bed, 1 Bath, 823 sq ft","House"
"710","4714 Creek Ct, Oklahoma City, OK 73135","2026/01/01",1000,"2 Beds","House"
"711","1112 NW 44th St, Oklahoma City, OK 73118","2026/01/01",1349,"3 Beds","House"
"712","11431 Springhollow Rd, Oklahoma City, OK 73120","2026/01/01",1000,"1 Bed","House"
"713","14810 Razorbill Dr, Oklahoma City, OK 73134","2026/01/01",1675,"4 Beds","House"
"714","3439 NW 53rd St, Oklahoma City, OK 73112","2026/01/01",1705,"3 Beds","House"
"715","6317 N Warren Ave, Oklahoma City, OK 73112","2026/01/01",1499,"3 Beds","House"
"716","11130 N Stratford Dr, Oklahoma City, OK 73120","2026/01/01",995,"1 Bed","House"
"717","1633 NE 47th St, Oklahoma City, OK 73111","2026/01/01",1195,"4 Beds","House"
"718","2442 NW 39th St, Oklahoma City, OK 73112","2026/01/01",749,"1 Bed","House"
"719","8305 NW 73rd St, Oklahoma City, OK 73132","2026/01/01",1850,"4 Beds","House"
"720","735 NE 14th St, Oklahoma City, OK 73104","2026/01/01",1299,"2 Beds","House"
"721","2257 NW 52nd St, Oklahoma City, OK 73112","2026/01/01",1375,"3 Beds","House"
"722","10913 N McKinley Ave, Oklahoma City, OK 73114","2026/01/01",1095,"3 Beds","House"
"723","2720 SE 95th St, Oklahoma City, OK 73160","2026/01/01",1549,"3 Beds","House"
"724","12010 Rush St, Oklahoma City, OK 73131","2026/01/01",1690,"4 Beds","House"
"725","7400 S Drexel Pl, Oklahoma City, OK 73159","2026/01/01",1299,"3 Beds","House"
"727","5701 N Warren Ave, Oklahoma City, OK 73112","2026/01/01",1675,"3 Beds","House"
"728","4816 S Fairmont Ave, Oklahoma City, OK 73129","2026/01/01",1325,"3 Beds | 2 Baths | 1,091 sq ft","House"
"729","1725 N McKinley Ave, Oklahoma City, OK 73106","2026/01/01",1899,"3 Beds","House"
"730","12621 Lexington Dr, Oklahoma City, OK 73173","2026/01/01",2500,"3 Beds | 5 Baths | 2,507 sq ft","House"
"731","6448 Brandywine Ln, Oklahoma City, OK 73116","2026/01/01",3500,"2 Beds | 3 Baths | 3,052 sq ft","House"
"732","1002 W Hill St, Oklahoma City, OK 73118","2026/01/01",995,"2 Beds","House"
"733","1400 S Irving St, Oklahoma City, OK 73129","2026/01/01",999,"2 Beds","House"
"734","1300 NW 83rd St, Oklahoma City, OK 73114","2026/01/01",1125,"3 Beds","House"
"735","11357 Paradise Out Ln, Oklahoma City, OK 73131","2026/01/01",1710,"3 Beds","House"
"736","1420 NW 94th St, Oklahoma City, OK 73114","2026/01/01",1297,"3 Beds","House"
"737","1201 Covell Village Dr, Edmond, OK 73003","2026/01/01",1336,"2 Beds, 2 Baths, 1,090 sq ft","House"
"738","2810 Dorchester Dr Unit 13, Oklahoma City, OK 73120","2026/01/01",1000,"2 Beds | 2 Baths | 850 sq ft","House"
"739","1920 NE 29th St, Oklahoma City, OK 73111","2026/01/01",1150,"4 Beds","House"
"740","9117 Checkerbloom Dr, Oklahoma City, OK 73165","2026/01/01",1645,"3 Beds","House"
"741","11916 Silver Sun Dr, Oklahoma City, OK 73162","2026/01/01",1760,"3 Beds","House"
"742","11307 Paradise Out Ln, Oklahoma City, OK 73131","2026/01/01",1815,"3 Beds","House"
"743","1305 N Classen Dr, Oklahoma City, OK 73103","2026/01/01",5384,"3 Beds, 3 Baths, 2,674 sq ft","House"
"744","1412 daugherty Ave, Oklahoma City, OK 73108","2026/01/01",1025,"2 Beds","House"
"745","3231 NW 147th Ter, Oklahoma City, OK 73134","2026/01/01",1669,"3 Beds","House"
"746","5820 SE 81st St, Oklahoma City, OK 73135","2026/01/01",1670,"3 Beds","House"
"747","2810 Dorchester Dr Unit 23, Oklahoma City, OK 73120","2026/01/01",1100,"2 Beds | 2 Baths | 850 sq ft","House"
"748","401 NW 24th St, Oklahoma City, OK 73103","2026/01/01",975,"1 Bed | 1 Bath | 575 sq ft","House"
"749","1701 N Classen Blvd, Oklahoma City, OK 73106","2026/01/01",1415,"1 Bed | 1 Bath | 771 sq ft","House"
"750","2419 N Harvey Ave Unit 4, Oklahoma City, OK 73103","2026/01/01",975,"1 Bed | 1 Bath | 650 sq ft","House"
"751","1217 N Blackwelder Ave Unit 2, Oklahoma City, OK 73106","2026/01/01",1050,"2 Beds | 1 Bath | 750 sq ft","House"
"752","4436 NW 36th St Unit 7, Oklahoma City, OK 73112","2026/01/01",1050,"2 Beds | 2 Baths | 16,440 sq ft","House"
"753","11233 Paradise Out Ln, Oklahoma City, OK 73131","2026/01/01",1735,"3 Beds","House"
"754","4300 Palmetto Trail, Oklahoma City, OK 73179","2026/01/01",1850,"4 Beds","House"
"755","5805 Hefner Village Ct, Oklahoma City, OK 73162","2026/01/01",1450,"2 Beds","House"
"756","1721 NW 115th Ter, Oklahoma City, OK 73120","2026/01/01",1495,"2 Beds, 2 Baths, 1,125 sq ft","House"
"757","5305 Drexel Ave, Oklahoma City, OK 73119","2026/01/01",1499,"4 Beds","House"
"759","1120 SW 101st St, Oklahoma City, OK 73139","2026/01/01",1325,"3 Beds","House"
"760","3044 NW 28th St, Oklahoma City, OK 73107","2026/01/01",1200,"3 Beds | 1 Bath | 1,030 sq ft","House"
"761","121 SW 69th Ct, Oklahoma City, OK 73139","2026/01/01",1850,"3 Beds","House"
"763","329 NW 119th St, Oklahoma City, OK 73114","2026/01/01",1209,"3 Beds","House"
"764","1129 NW 103rd St, Oklahoma City, OK 73114","2026/01/01",1429,"4 Beds","House"
"765","14331 N Pennsylvania Ave, Oklahoma City, OK 73134","2026/01/01",795,"1 Bed","House"
"766","2313 NE 23rd St, Oklahoma City, OK 73111","2026/01/01",1125,"3 Beds","House"
"767","8716 Tracy Dr, Oklahoma City, OK 73132","2026/01/01",1630,"3 Beds","House"
"768","801 NE 35th St, Oklahoma City, OK 73105","2026/01/01",1545,"5 Beds","House"
"769","252 NW 84th St, Oklahoma City, OK 73114","2026/01/01",1600,"4 Beds","House"
"770","313 NW 121st St, Oklahoma City, OK 73114","2026/01/01",1650,"4 Beds","House"
"771","2443 N Prospect Ave, Oklahoma City, OK 73111","2026/01/01",1250,"3 Beds","House"
"772","8000 Woodhue Dr, Oklahoma City, OK 73135","2026/01/01",1525,"3 Beds | 2 Baths | 1,621 sq ft","House"
"774","8313 NW 105th St, Oklahoma City, OK 73162","2026/01/01",1815,"3 Beds","House"
"775","5713 NW 33rd St, Oklahoma City, OK 73122","2026/01/01",1770,"5 Beds","House"
"776","5713 NW 33rd St, Oklahoma City, OK 73122","2026/01/01",1650,"9401 Buttonfield Ave, Oklahoma City, OK 73160","House"
"777","3935 NW 27th St, Oklahoma City, OK 73107","2026/01/01",1390,"3 Beds","House"
"778","3306 NW 148th St, Oklahoma City, OK 73134","2026/01/01",1695,"4 Beds","House"
"779","6401 N Warren Ave, Oklahoma City, OK 73116","2026/01/01",875,"1 Bed, 1 Bath, 700 sq ft","House"
"780","14620 Harli Ln, Oklahoma City, OK 73170","2026/01/01",1865,"4 Beds","House"
"781","8409 NW 133rd St, Oklahoma City, OK 73142","2026/01/01",2395,"3 Beds | 2 Baths | 1,888 sq ft","House"
"782","3200 S Highland Park Dr, Oklahoma City, OK 73129","2026/01/01",1130,"3 Beds","House"
"783","2640 SW 62nd St, Oklahoma City, OK 73159","2026/01/01",1300,"3 Beds","House"
"784","6003 Gaelic Glen Dr, Oklahoma City, OK 73142","2026/01/01",1520,"3 Beds","House"
"785","3131 SW 89th St, Oklahoma City, OK 73159","2026/01/01",1350,"2 Beds, 2 Baths, 1,186 sq ft","House"
"786","6605 NW 134th St, Oklahoma City, OK 73142","2026/01/01",2000,"3 Beds","House"
"787","25 SW 89th St, Oklahoma City, OK 73139","2026/01/01",1600,"3 Beds","House"
"788","5616 Sanderling Rd, Oklahoma City, OK 73179","2026/01/01",1900,"4 Beds","House"
"789","1229 SW 24th St, Oklahoma City, OK 73109","2026/01/01",895,"2 Beds","House"
"790","1452 SW 64th St, Oklahoma City, OK 73159","2026/01/01",1345,"4 Beds","House"
"791","5707 SE 48th St, Oklahoma City, OK 73135","2026/01/01",1071,"2 Beds, 2 Baths, 912 sq ft","House"
"792","1134 NW 96th St, Oklahoma City, OK 73114","2026/01/01",795,"1 Bed","House"
"793","8820 NW 120th St, Oklahoma City, OK 73162","2026/01/01",2800,"5 Beds","House"
"794","17313 Ridgewood Dr, Edmond, OK 73012","2026/01/01",2055,"3 Beds","House"
"795","612 NW 182nd St, Edmond, OK 73012","2026/01/01",1645,"3 Beds","House"
"796","314 NE 2nd St, Oklahoma City, OK 73104","2026/01/01",2195,"3 Beds, 2 Baths, 1,276 sq ft","House"
"797","1801 West Antler Way, Mustang, OK 73064","2026/01/01",1700,"3 Beds","House"
"798","1000 Cornwell Dr, Yukon, OK 73099","2026/01/01",799,"2 Beds","House"
"799","3112 Chetwood Dr, Del City, OK 73115","2026/01/01",1495,"4 Beds","House"
"800","901 NW 6th St, Newcastle, OK 73065","2026/01/01",1835,"4 Beds","House"
"801","808 Glenwood Dr, Yukon, OK 73099","2026/01/01",1480,"3 Beds","House"
"802","425 N Oklahoma Ave, Oklahoma City, OK 73104","2026/01/01",1311,"1 Bed, 1 Bath, 724 sq ft","House"
"803","4813 Michael Dr, Del City, OK 73115","2026/01/01",1855,"4 Beds","House"
"804","4517 Katie Ridge Dr, Moore, OK 73160","2026/01/01",2125,"3 Beds","House"
"805","2100 NE 4th St, Moore, OK 73160","2026/01/01",2100,"3 Beds","House"
"806","546 W Pine Rose Ct Way, Mustang, OK 73064","2026/01/01",2005,"4 Beds","House"
"807","2705 Pinto Trail, Edmond, OK 73012","2026/01/01",1925,"4 Beds","House"
"808","1209 W Hefner Rd, Oklahoma City, OK 73114","2026/01/01",1029,"2 Beds, 1 Bath, 970 sq ft","House"
"809","1513 NW 181st St, Edmond, OK 73012","2026/01/01",1910,"4 Beds","House"
"810","916 Clear Creek, Yukon, OK 73099","2026/01/01",1595,"3 Beds","House"
"811","10625 NW 20th St, Yukon, OK 73099","2026/01/01",1625,"3 Beds","House"
"812","2208 Felix Pl, Midwest City, OK 73110","2026/01/01",735,"2 Beds","House"
"813","2212 Felix Pl, Midwest City, OK 73110","2026/01/01",645,"1 Bed","House"
"814","8201 N Rockwell Ave, Oklahoma City, OK 73132","2026/01/01",939,"2 Beds, 1 Bath, 750 sq ft","House"
"815","2403 W Britton Rd, The Village, OK 73120","2026/01/01",1375,"3 Beds","House"
"816","3217 Bishop Rock Pl, Yukon, OK 73099","2026/01/01",1840,"3 Beds","House"
"817","921 NE 12th St, Moore, OK 73160","2026/01/01",899,"2 Beds","House"
"818","1000 Cornwell Dr, Yukon, OK 73099","2026/01/01",750,"1 Bed","House"
"819","1000 Cornwell Dr, Yukon, OK 73099","2026/01/01",1049,"3 Beds","House"
"820","12007 Ashford Dr, Yukon, OK 73099","2026/01/01",1700,"2 Beds","House"
"821","1102 Swan Lake Rd, Edmond, OK 73003","2026/01/01",1400,"2 Beds","House"
"822","55 N Ranchwood Blvd, Yukon, OK 73099","2026/01/01",1075,"2 Beds","House"
"823","55 N Ranchwood Blvd, Yukon, OK 73099","2026/01/01",900,"1 Bed","House"
"824","55 N Ranchwood Blvd, Yukon, OK 73099","2026/01/01",800,"1 Bed","House"
"825","505 E Sheridan Ave, Oklahoma City, OK 73104","2026/01/01",1334,"1 Bed, 1 Bath, 581 sq ft","House"
"826","508 NW 179th Cir, Edmond, OK 73012","2026/01/01",2200,"4 Beds","House"
"827","604 NW 175th St, Edmond, OK 73012","2026/01/01",1900,"4 Beds","House"
"828","4720 SE 24th St, Del City, OK 73115","2026/01/01",899,"3 Beds","House"
"829","705 Bobcat Trl, Yukon, OK 73099","2026/01/01",2300,"4 Beds","House"
"830","2409 NW 152nd St, Edmond, OK 73013","2026/01/01",1975,"4 Beds","House"
"831","5924 SW 12th St, Oklahoma City, OK 73128","2026/01/01",995,"1 Bed, 1 Bath, 651 sq ft","House"
"832","2325 N Redmond Ave, Bethany, OK 73008","2026/01/01",1200,"3 Beds | 1.5 Baths | 908 sq ft","House"
"833","2416 Apple Way, Midwest City, OK 73130","2026/01/01",1645,"3 Beds","House"
"834","10708 NW 32nd St, Yukon, OK 73099","2026/01/01",1600,"3 Beds","House"
"835","701 NW 2nd St, Moore, OK 73160","2026/01/01",1425,"3 Beds","House"
"836","9200 N Macarthur Blvd, Oklahoma City, OK 73132","2026/01/01",799,"1 Bed, 1 Bath, 750 sq ft","House"
"837","1912 Autumn Way, Mustang, OK 73064","2026/01/01",1775,"4 Beds","House"
"838","4308 Driftwood Dr, Harrah, OK 73045","2026/01/01",1460,"3 Beds","House"
"839","4301 Montage Blvd, Mustang, OK 73064","2026/01/01",1650,"3 Beds","House"
"840","16304 Fair Winds Way, Edmond, OK 73013","2026/01/01",2145,"4 Beds","House"
"841","2133 Running Branch Rd, Edmond, OK 73013","2026/01/01",2055,"4 Beds","House"
"842","12821 Stratford Dr, Oklahoma City, OK 73120","2026/01/01",966,"1 Bed, 1 Bath, 744 sq ft","House"
"843","204 NE 19th St, Moore, OK 73160","2026/01/01",1425,"3 Beds","House"
"844","1221 NW 138th St, Edmond, OK 73013","2026/01/01",1675,"2 Beds","House"
"845","913 Renita Way, Moore, OK 73160","2026/01/01",1799,"3 Beds","House"
"846","100 N Eastgate Dr, Yukon, OK 73099","2026/01/01",1390,"3 Beds","House"
"847","320 E Georgia Terrace, Mustang, OK 73064","2026/01/01",1835,"4 Beds","House"
"848","2700 Indian Creek Blvd, Oklahoma City, OK 73120","2026/01/01",824,"2 Beds, 2 Baths, 966 sq ft","House"
"849","3625 Blue Ave, Mustang, OK 73064","2026/01/01",1449,"3 Beds","House"
"850","4841 Newport Dr, Del City, OK 73115","2026/01/01",1175,"3 Beds","House"
"851","11305 NW 97th St, Yukon, OK 73099","2026/01/01",1885,"3 Beds","House"
"852","10005 Blue Wing Trl, Yukon, OK 73099","2026/01/01",1965,"4 Beds","House"
"853","1632 Hollowbrook, Edmond, OK 73012","2026/01/01",2155,"3 Beds","House"
"854","13600 N Blackwelder Ave, Oklahoma City, OK 73120","2026/01/01",1276,"1 Bed, 1 Bath, 668 sq ft","House"
"855","3005 Delmar Rd, Del City, OK 73115","2026/01/01",1145,"4 Beds","House"
"856","17313 Valley Crst, Edmond, OK 73012","2026/01/01",1715,"3 Beds","House"
"857","10633 NW 34th St, Yukon, OK 73099","2026/01/01",1540,"3 Beds","House"
"858","1712 N Lincoln Ave, Moore, OK 73160","2026/01/01",1465,"3 Beds","House"
"859","8224 NW 28th Terrace, Bethany, OK 73008","2026/01/01",1400,"3 Beds | 2 Baths | 1,258 sq ft","House"
"860","835 W Sheridan Ave, Oklahoma City, OK 73106","2026/01/01",1301,"1 Bed | 1 Bath | 653 sq ft","House"
"861","9513 Laredo Ln, Yukon, OK 73099","2026/01/01",2020,"4 Beds","House"
"862","507 E Boeing Dr, Midwest City, OK 73110","2026/01/01",875,"2 Beds","House"
"863","17304 Hardwood Pl, Edmond, OK 73012","2026/01/01",2075,"4 Beds","House"
"864","4732 SE 24th St, Del City, OK 73115","2026/01/01",1072,"3 Beds | 2 Baths | 1,094 sq ft","House"
"865","501 S Bouziden Dr, Moore, OK 73160","2026/01/01",1525,"3 Beds","House"
"866","15400 Lone Oak Rd, Oklahoma City, OK 73013","2026/01/01",1250,"2 Beds, 2 Baths, 1,109 sq ft","House"
"867","2648 Grey Stone, Choctaw, OK 73020","2026/01/01",2070,"4 Beds","House"
"868","3632 Firethorn Dr, Del City, OK 73115","2026/01/01",1150,"3 Beds","House"
"869","2504 Yorkshire Ave, Moore, OK 73160","2026/01/01",1300,"3 Beds","House"
"870","7108 Meadow Lake Dr, Yukon, OK 73099","2026/01/01",1825,"4 Beds","House"
"871","18214 Manera Wy, Edmond, OK 73012","2026/01/01",1579,"3 Beds","House"
"872","3300 S Mustang Rd, Yukon, OK 73099","2026/01/01",1299,"2 Beds, 2 Baths, 956 sq ft","House"
"874","11441 SW 25th Terrace, Yukon, OK 73099","2026/01/01",1655,"4 Beds","House"
"875","1812 Foxfire Rd, Edmond, OK 73003","2026/01/01",1620,"4 Beds","House"
"876","19501 N Pennsylvania Ave, Edmond, OK 73012","2026/01/01",1150,"2 Beds, 2 Baths, 988 sq ft","House"
"877","7212 Meadow Lake Dr, Yukon, OK 73099","2026/01/01",1725,"4 Beds","House"
"878","7709 NW 21st St, Bethany, OK 73008","2026/01/01",1695,"2 Beds","House"
"879","516 Foxfire Rd, Edmond, OK 73003","2026/01/01",1520,"3 Beds","House"
"880","1153 Elmhurst St, Moore, OK 73160","2026/01/01",1375,"3 Beds","House"
"881","1212 SE 11th St, Moore, OK 73160","2026/01/01",1425,"3 Beds","House"
"882","9704 Saddle Dr, Yukon, OK 73099","2026/01/01",1599,"3 Beds | 2 Baths | 1,277 sq ft","House"
"883","17040 Hardwood Pl, Edmond, OK 73012","2026/01/01",2300,"3 Beds","House"
"884","1032 NW 191st St, Edmond, OK 73012","2026/01/01",2025,"3 Beds","House"
"885","19421 Sky Blue Ct, Edmond, OK 73012","2026/01/01",1760,"3 Beds","House"
"886","2101 Westridge Dr, Edmond, OK 73013","2026/01/01",2305,"5 Beds","House"
"887","2717 NW 178th St, Edmond, OK 73012","2026/01/01",1499,"1 Bed, 1 Bath, 769 sq ft","House"
"888","7412 Comrade Ln, Yukon, OK 73099","2026/01/01",1920,"4 Beds","House"
"889","3412 Prairie Ave, Edmond, OK 73013","2026/01/01",1970,"3 Beds","House"
"890","11321 NW 102nd St, Yukon, OK 73099","2026/01/01",2025,"3 Beds","House"
"891","11217 NW 102nd St, Yukon, OK 73099","2026/01/01",1935,"3 Beds","House"
"892","3519 Wynn Cir, Edmond, OK 73013","2026/01/01",1595,"3 Beds","House"
"893","11421 SW 25th Terrace, Yukon, OK 73099","2026/01/01",1595,"4 Beds","House"
"894","11516 Southwest 24th Street, Yukon, OK 73099","2026/01/01",1890,"4 Beds","House"
"895","800 Plaza Dr, Moore, OK 73160","2026/01/01",1445,"3 Beds","House"
"896","4346 Driftwood Dr, Harrah, OK 73045","2026/01/01",1760,"3 Beds | 2 Baths | 1,428 sq ft","House"
"897","2012 Wheatfield Ave, Yukon, OK 73099","2026/01/01",1795,"3 Beds | 2 Baths | 1,850 sq ft","House"
"898","3300 S Mustang Rd, Yukon, OK 73099","2026/01/01",1299,"2 Beds | 2 Baths | 956 sq ft","House"
"899","613 S Avery Dr, Moore, OK 73160","2026/01/01",1625,"3 Beds | 2 Baths | 1,940 sq ft","House"
"900","1516 Shalimar Dr, Del City, OK 73115","2026/01/01",950,"3 Beds | 1 Bath | 898 sq ft","House"
"901","18204 Willow Oak Ln, Edmond, OK 73012","2026/01/01",1950,"4 Beds | 2 Baths | 2,080 sq ft","House"
"902","5202 N Rockwell Ave, Bethany, OK 73008","2026/01/01",1450,"2 Beds | 1 Bath","House"
"903","1817 Hardy Dr, Edmond, OK 73013","2026/01/01",1400,"3 Beds | 2 Baths | 1,074 sq ft","House"
"904","3916 NW 164th St, Edmond, OK 73013","2026/01/01",1465,"1 Bed | 1 Bath | 779 sq ft","House"
"905","3400 Overland Dr, Del City, OK 73115","2026/01/01",1350,"3 Beds","House"
"906","3413 Eastwood Cir, Del City, OK 73115","2026/01/01",995,"3 Beds","House"
"907","416 E Charlotte Terrace, Mustang, OK 73064","2026/01/01",2195,"4 Beds","House"
"908","10604 SW 22nd St, Yukon, OK 73099","2026/01/01",1645,"4 Beds","House"
"909","14308 Peach Tree Dr, Yukon, OK 73099","2026/01/01",1725,"3 Beds","House"
"910","301-501 Pointe Parkway Blvd, Yukon, OK 73099","2026/01/01",1319,"2 Beds, 2 Baths, 1,108 sq ft","House"
"911","16616 Canyonwood Ln, Edmond, OK 73012","2026/01/01",1940,"3 Beds","House"
"912","11308 NW 103rd St, Yukon, OK 73099","2026/01/01",1940,"3 Beds","House"
"913","4741 SE 41st St, Del City, OK 73115","2026/01/01",1025,"3 Beds","House"
"914","316 E Georgia Terrace, Mustang, OK 73064","2026/01/01",1650,"3 Beds","House"
"915","11220 NW 102nd St, Yukon, OK 73099","2026/01/01",2410,"4 Beds","House"
"916","13243 Sawtooth Oak Rd, Choctaw, OK 73020","2026/01/01",2995,"3 Beds","House"
"917","1209 NW 198th St, Edmond, OK 73012","2026/01/01",2550,"4 Beds","House"
"918","2716 Demotte Dr, Yukon, OK 73099","2026/01/01",1850,"3 Beds","House"
"919","708 Cactus Ct, Yukon, OK 73099","2026/01/01",1645,"3 Beds","House"
"920","18108 Manera Wy, Edmond, OK 73012","2026/01/01",1575,"3 Beds","House"
"921","3316 Del Rancho Rd, Del City, OK 73115","2026/01/01",1100,"3 Beds","House"
"922","9212 NW 91st St, Yukon, OK 73099","2026/01/01",1740,"3 Beds","House"
"923","604 Eastview Dr, Yukon, OK 73099","2026/01/01",1495,"3 Beds","House"
"924","11525 N Meridian Ave Unit NA, Oklahoma City, OK 73120","2026/01/01",1050,"2 Beds | 2 Baths | 975 sq ft","House"
"925","4401 Northwest 55th Street, Oklahoma City, OK 73112","2026/01/01",1400,"3 Beds | 2 Baths | 1,300 sq ft","House"
"926","600 NW 4th St Unit #112, Oklahoma City, OK 73102","2026/01/01",1350,"2 Beds | 2 Baths | 950 sq ft","House"
"927","2538 NW 21st St Unit 2538, Oklahoma City, OK 73107","2026/01/01",1295,"2 Beds | 1 Bath | 800 sq ft","House"
"928","12700 Nittany Dr, Oklahoma City, OK 73120","2026/01/01",2000,"3 Beds | 2 Baths | 1,250 sq ft","House"
"929","3625 NW 53rd St, Oklahoma City, OK 73112","2026/01/01",3400,"3 Beds | 2 Baths | 1,741 sq ft","House"
"930","3132 NW 16th St, Oklahoma City, OK 73107","2026/01/01",1650,"3 Beds | 2 Baths | 1,643 sq ft","House"
"932","808 NW 23rd St Unit 1, Oklahoma City, OK 73106","2026/01/01",1495,"Studio | 1 Bath | 875 sq ft","House"
"933","14427 N Pennsylvania Ave Unit 24D, Oklahoma City, OK 73134","2026/01/01",1200,"1 Bed | 1 Bath | 800 sq ft","House"
"934","1820 NW 7th St, Oklahoma City, OK 73106","2026/01/01",1250,"4 Beds | 2 Baths | 1,100 sq ft","House"
"935","6705 Bayberry Dr, Oklahoma City, OK 73162","2026/01/01",2300,"3 Beds | 2 Baths | 1,915 sq ft","House"
"936","1848 NW 172nd St, Edmond, OK 73012","2026/01/01",1800,"3 Beds | 2 Baths | 2,011 sq ft","House"
"937","936 SW 2nd St, Moore, OK 73160","2026/01/01",1250,"3 Beds | 2 Baths | 1,400 sq ft","House"
"938","1929 Lariat Cir, Edmond, OK 73012","2026/01/01",1550,"3 Beds | 2 Baths | 1,424 sq ft","House"
"939","217 E 30th St, Edmond, OK 73013","2026/01/01",1600,"3 Beds | 2 Baths | 1,148 sq ft","House"
"940","12409 SW 2nd St, Yukon, OK 73099","2026/01/01",1300,"2 Beds | 2 Baths | 988 sq ft","House"
"941","9137 Knottingham, Midwest City, OK 73130","2026/01/01",1200,"2 Beds | 2 Baths | 1,062 sq ft","House"
"942","312 Christopher Todd Dr, Moore, OK 73160","2026/01/01",1895,"3 Beds | 3 Baths | 1,956 sq ft","House"
"943","20980 Cortona Dr, Edmond, OK 73012","2026/01/01",2495,"2 Beds | 2 Baths | 1,462 sq ft","House"
"944","1025 Switzerland Ave, Yukon, OK 73099","2026/01/01",1450,"3 Beds | 2 Baths | 1,361 sq ft","House"
"945","1400 Val Genes Rd, Edmond, OK 73003","2026/01/01",1725,"3 Beds | 2 Baths | 1,464 sq ft","House"
"946","702 NE 11th St, Moore, OK 73160","2026/01/01",1099,"2 Beds | 2 Baths | 874 sq ft","House"
"947","1211 Parkwood Ct, Moore, OK 73160","2026/01/01",1150,"2 Beds | 2 Baths | 874 sq ft","House"
"948","14990 NE 2nd St, Choctaw, OK 73020","2026/01/01",2000,"3 Beds | 2 Baths | 1,615 sq ft","House"
"949","929 NE 28th St, Moore, OK 73160","2026/01/01",1495,"3 Beds | 2 Baths | 1,548 sq ft","House"
"950","1121 NW 28th St Unit 1, Oklahoma City, OK 73106","2026/01/01",899,"2 Beds | 1 Bath | 1,000 sq ft","House"
"951","1326 NW 100th St, Oklahoma City, OK 73114","2026/01/01",995,"3 Beds | 1 Bath | 720 sq ft","House"
"952","3011 W Wilshire Blvd Unit Wilshire, Oklahoma City, OK 73116","2026/01/01",1450,"3 Beds | 3 Baths | 1,508 sq ft","House"
"953","1410 NW 10th Street, Oklahoma City, OK 73106","2026/01/01",800,"2 Beds | 1 Bath | 812 sq ft","House"
"954","2800 NW 15th St, Oklahoma City, OK 73107","2026/01/01",1100,"2 Beds | 2 Baths | 1,000 sq ft",NA
"955","2812 NW 15th St, Oklahoma City, OK 73107","2026/01/01",1250,"2 Beds | 1 Bath | 1,041 sq ft",NA
"956","4029 N Nicklas Ave, Oklahoma City, OK 73122","2026/01/01",1400,"3 Beds | 2 Baths | 1,475 sq ft",NA
"957","9900 Rockwell Terrace, Oklahoma City, OK 73132","2026/01/01",2495,"4 Beds | 3 Baths | 3,175 sq ft",NA
"958","8021 NW 104th St, Oklahoma City, OK 73162","2026/01/01",1395,"3 Beds | 2 Baths | 1,670 sq ft",NA
"959","1330 Louise Ave, Oklahoma City, OK 73106","2026/01/01",1029,"2 Beds | 1 Bath | 1,250 sq ft",NA
"960","1939 NW 12th St, Oklahoma City, OK 73106","2026/01/01",799,"1 Bed | 1 Bath | 1,100 sq ft",NA
"962","2205 S Central Ave Unit A, Oklahoma City, OK 73129","2026/01/01",599,"1 Bed | 1 Bath | 550 sq ft",NA
"963","501 SE 14th St, Oklahoma City, OK 73129","2026/01/01",799,"1 Bed | 1 Bath | 750 sq ft",NA
"964","1500 NW 8th St, Oklahoma City, OK 73106","2026/01/01",1299,"3 Beds | 1 Bath | 1,250 sq ft",NA
"965","1628 NW 9th St, Oklahoma City, OK 73106","2026/01/01",1399,"4 Beds | 2.5 Baths | 1,700 sq ft",NA
"966","813 Waterview Rd, Oklahoma City, OK 73170","2026/01/01",1395,"3 Beds | 2 Baths | 1,262 sq ft",NA
"967","1221 NW 42nd St, Oklahoma City, OK 73118","2026/01/01",1250,"2 Beds | 1 Bath | 1,100 sq ft",NA
"968","2749 Cambridge Ct, Oklahoma City, OK 73116","2026/01/01",1100,"2 Beds | 1 Bath | 925 sq ft",NA
"969","10305 Plymouth Ct, Oklahoma City, OK 73159","2026/01/01",1500,"3 Beds | 2 Baths | 1,375 sq ft",NA
"970","124 NW 18th St, Oklahoma City, OK 73103","2026/01/01",925,"1 Bed | 1 Bath | 900 sq ft",NA
"971","1632 Birch St, Oklahoma City, OK 73108","2026/01/01",850,"2 Beds | 1 Bath | 500 sq ft",NA
"972","12136 Thorn Ridge Rd, Oklahoma City, OK 73120","2026/01/01",2600,"4 Beds | 2.5 Baths | 2,907 sq ft",NA
"973","7207 Warriner Way, Oklahoma City, OK 73162","2026/01/01",1595,"3 Beds | 2 Baths | 2,025 sq ft",NA
"974","2108 NE 18th St, Oklahoma City, OK 73111","2026/01/01",750,"2 Beds | 1 Bath | 837 sq ft",NA
"975","1408 SW 23rd St, Oklahoma City, OK 73108","2026/01/01",1475,"3 Beds | 2 Baths | 1,165 sq ft",NA
"976","2408 S Woodward Ave Unit 2408, Oklahoma City, OK 73108","2026/01/01",795,"2 Beds | 1 Bath | 576 sq ft",NA
"977","2517 SW 42nd St, Oklahoma City, OK 73119","2026/01/01",825,"2 Beds | 1 Bath | 690 sq ft",NA
"978","2709 SE 91st St, Oklahoma City, OK 73160","2026/01/01",1545,"3 Beds | 2 Baths | 1,500 sq ft",NA
"979","2317 SW 48th St, Oklahoma City, OK 73119","2026/01/01",1025,"3 Beds | 1 Bath | 913 sq ft",NA
"980","3605 NW 51st St, Oklahoma City, OK 73112","2026/01/01",1295,"3 Beds | 2 Baths | 1,275 sq ft",NA
"981","225 NW 85th St, Oklahoma City, OK 73114","2026/01/01",1249,"4 Beds | 2 Baths | 3,192 sq ft",NA
"982","9915 Larkspur Ln Unit 9915, Oklahoma City, OK 73159","2026/01/01",1150,"2 Beds | 1.5 Baths | 1,215 sq ft",NA
"983","9111 N Walker Ave, Oklahoma City, OK 73114","2026/01/01",1195,"3 Beds | 1.5 Baths | 1,092 sq ft",NA
"984","9906 Mantle Dr, Oklahoma City, OK 73162","2026/01/01",1950,"3 Beds | 2 Baths | 2,016 sq ft",NA
"985","3340 SW 23rd St, Oklahoma City, OK 73108","2026/01/01",825,"2 Beds | 1 Bath | 720 sq ft",NA
"986","5414 S Land Ave, Oklahoma City, OK 73119","2026/01/01",1150,"2 Beds | 1 Bath | 1,050 sq ft",NA
"987","620 Eastview Dr, Yukon, OK 73099","2026/01/01",1675,"3 Beds | 2 Baths | 1,635 sq ft",NA
"988","2914 Vickie dr Unit A, Del city, OK 73115","2026/01/01",700,"2 Beds | 1 Bath | 600 sq ft",NA
"989","2914 Vickie Dr. Apt. D Unit D, Del City, OK 73115","2026/01/01",800,"2 Beds | 1 Bath | 700 sq ft",NA
"990","332 Tullahoma Dr, Edmond, OK 73034","2026/01/01",1595,"4 Beds | 2 Baths | 1,530 sq ft",NA
"991","2005 SE 7th Ct, Moore, OK 73160","2026/01/01",1625,"3 Beds | 2 Baths | 1,500 sq ft",NA
"992","1932 Lariat Cir, Edmond, OK 73003","2026/01/01",1450,"3 Beds | 2 Baths | 1,300 sq ft",NA
"993","6301 NW 22nd St, Bethany, OK 73008","2026/01/01",1150,"3 Beds | 1.5 Baths | 1,070 sq ft",NA
"994","2331 N Thompkins Ave Unit 401, Bethany, OK 73008","2026/01/01",1250,"2 Beds | 1.5 Baths | 950 sq ft",NA
"995","108 S English Dr, Moore, OK 73160","2026/01/01",1275,"3 Beds | 1.5 Baths | 1,227 sq ft",NA
"996","925 Heather Ln, Moore, OK 73160","2026/01/01",1550,"3 Beds | 2 Baths | 1,500 sq ft",NA
"997","2361 N Thompkins Ave, Bethany, OK 73008","2026/01/01",1250,"2 Beds | 1.5 Baths | 950 sq ft",NA
"998","17337 Sparrow Hawk Ln, Edmond, OK 73012","2026/01/01",2250,"3 Beds | 2.5 Baths | 2,475 sq ft",NA
"999","314 E Ercoupe Dr, Midwest City, OK 73110","2026/01/01",1225,"3 Beds | 1 Bath | 1,055 sq ft",NA
"1000","201 W Campbell Dr, Midwest City, OK 73110","2026/01/01",1395,"3 Beds | 1.5 Baths | 1,409 sq ft",NA
"1001","518 E Lockheed Dr, Midwest City, OK 73110","2026/01/01",1175,"3 Beds | 1 Bath | 1,084 sq ft",NA
"1002","309 W Vandament Ave, Yukon, OK 73099","2026/01/01",1175,"2 Beds | 1 Bath | 909 sq ft",NA
"1003","13 Woodgate Dr, Yukon, OK 73099","2026/01/01",1695,"3 Beds | 2 Baths | 1,434 sq ft",NA
"1004","2321 Golden Ln, Edmond, OK 73012","2026/01/01",1450,"3 Beds | 2 Baths | 1,332 sq ft",NA
"1005","1744 NW 15th St Unit 2B, Oklahoma City, OK 73106","2026/01/01",1300,"1 Bed | 1 Bath | 645 sq ft",NA
"1006","7009 NW 90th St, Oklahoma City, OK 73132","2026/01/01",1390,"3 Beds | 2 Baths | 1,400 sq ft",NA
"1007","2112 NE 23rd St, Oklahoma City, OK 73111","2026/01/01",1000,"2 Beds | 1 Bath | 1,117 sq ft",NA
"1008","9009 Lakeaire Dr, Oklahoma City, OK 73132","2026/01/01",2000,"4 Beds | 2 Baths | 2,493 sq ft",NA
"1009","200 S Oklahoma Ave Unit 205, Oklahoma City, OK 73104","2026/01/01",2795,"1 Bed | 1.5 Baths | 1,459 sq ft",NA
"1010","2405 SW 141st Terrace, Oklahoma City, OK 73170","2026/01/01",1895,"3 Beds | 2 Baths | 2,137 sq ft",NA
"1011","2825 Tealwood Dr, Oklahoma City, OK 73120","2026/01/01",1870,"3 Beds | 2.5 Baths | 2,230 sq ft",NA
"1012","3912 SW 25th St, Oklahoma City, OK 73108","2026/01/01",745,"2 Beds | 1 Bath",NA
"1013","1635 NE 50th St, Oklahoma City, OK 73111","2026/01/01",1500,"4 Beds | 2 Baths | 1,312 sq ft",NA
"1014","1301 NE 53rd St, Oklahoma City, OK 73111","2026/01/01",1800,"3 Beds | 2 Baths | 1,826 sq ft",NA
"1015","819 NW 6th St, Oklahoma City, OK 73106","2026/01/01",6995,"3 Beds | 3.5 Baths | 2,100 sq ft",NA
"1016","1437 NE 33rd St, Oklahoma City, OK 73111","2026/01/01",1500,"3 Beds | 2 Baths | 1,015 sq ft",NA
"1017","1806 N Robinson Ave, Oklahoma City, OK 73103","2026/01/01",1450,"3 Beds | 2 Baths",NA
"1018","8207 NW 78th Terrace, Oklahoma City, OK 73132","2026/01/01",1100,"2 Beds | 2 Baths | 1,740 sq ft",NA
"1019","2326 SW 90th Pl, Oklahoma City, OK 73159","2026/01/01",1695,"3 Beds | 2 Baths | 1,246 sq ft",NA
"1020","2421 N Prospect Ave, Oklahoma City, OK 73111","2026/01/01",1300,"3 Beds | 1 Bath | 1,006 sq ft",NA
"1021","13408 Lisbon Ave, Oklahoma City, OK 73170","2026/01/01",3000,"3 Beds | 2 Baths | 1,627 sq ft",NA
"1022","11327 N May Ave Unit C, Oklahoma City, OK 73120","2026/01/01",825,"1 Bed | 1 Bath | 781 sq ft",NA
"1023","8931 NW 109th Terrace, Oklahoma City, OK 73162","2026/01/01",1585,"3 Beds | 2.5 Baths | 1,500 sq ft",NA
"1024","417 NE 115th St, Oklahoma City, OK 73114","2026/01/01",1325,"3 Beds | 2.5 Baths | 1,394 sq ft",NA
"1025","4207 N Reeder Ave, Oklahoma City, OK 73122","2026/01/01",1850,"4 Beds | 2 Baths | 1,980 sq ft",NA
"1026","3005 SW 133rd St, Oklahoma City, OK 73170","2026/01/01",3000,"3 Beds | 2 Baths | 1,627 sq ft",NA
"1027","4500 N Lincoln Blvd, Oklahoma City, OK 73105","2026/01/01",2975,"3 Beds | 2 Baths | 1,604 sq ft",NA
"1028","9028 SW 46th St, Oklahoma City, OK 73179","2026/01/01",1575,"3 Beds | 2 Baths | 1,250 sq ft",NA
"1029","2921 SW 132nd St, Oklahoma City, OK 73170","2026/01/01",2975,"3 Beds | 2 Baths | 1,604 sq ft",NA
"1030","6805 NW 63rd Terrace, Oklahoma City, OK 73132","2026/01/01",1295,"3 Beds | 2 Baths | 1,228 sq ft",NA
"1031","1808 NW 8th St, Oklahoma City, OK 73106","2026/01/01",1600,"3 Beds | 2 Baths | 1,054 sq ft",NA
"1032","910 NW 13th St Unit 11, Oklahoma City, OK 73106","2026/01/01",795,"1 Bed | 1 Bath",NA
"1033","6218 SE 47th St, Oklahoma City, OK 73135","2026/01/01",895,"2 Beds | 2 Baths",NA
"1034","641 SW 161st St, Oklahoma City, OK 73170","2026/01/01",1725,"4 Beds | 2 Baths | 1,725 sq ft",NA
"1035","5820 Shiloh Dr, Oklahoma City, OK 73179","2026/01/01",2295,"4 Beds | 2.5 Baths | 2,182 sq ft",NA
"1036","10029 S Fairview Dr, Oklahoma City, OK 73159","2026/01/01",1695,"3 Beds | 2 Baths | 1,901 sq ft",NA
"1037","13112 Maplewood Ave, Oklahoma City, OK 73120","2026/01/01",2400,"3 Beds | 2.5 Baths",NA
"1038","6100 Blackwood Blvd, Oklahoma City, OK 73132","2026/01/01",2100,"4 Beds | 2 Baths",NA
"1039","3714 N Shartel Ave, Oklahoma City, OK 73118","2026/01/01",1150,"2 Beds | 1 Bath | 2,160 sq ft",NA
"1040","2516 NW 131st St, Oklahoma City, OK 73120","2026/01/01",2950,"4 Beds | 2.5 Baths | 2,000 sq ft",NA
"1041","2625 NW 51st St, Oklahoma City, OK 73112","2026/01/01",1950,"3 Beds | 2 Baths | 1,700 sq ft",NA
"1042","3325 Brookhollow Ct, Oklahoma City, OK 73120","2026/01/01",1395,"2 Beds | 2.5 Baths | 1,407 sq ft",NA
"1043","5802 Clearwater Dr, Oklahoma City, OK 73179","2026/01/01",1575,"3 Beds | 2 Baths | 1,240 sq ft",NA
"1044","3404 Partridge Rd, Oklahoma City, OK 73120","2026/01/01",10000,"3 Beds | 2.5 Baths | 3,212 sq ft",NA
"1045","12621 Lexington Dr, Oklahoma City, OK 73173","2026/01/01",2500,"3 Beds | 4 Baths | 2,507 sq ft",NA
"1046","2906 S Santa Fe Ave, Oklahoma City, OK 73109","2026/01/01",900,"1 Bed | 2 Baths | 580 sq ft",NA
"1047","24 SW 54th St, Oklahoma City, OK 73109","2026/01/01",1400,"3 Beds | 1.5 Baths | 1,272 sq ft",NA
"1048","3325 Robin Ridge Rd, Oklahoma City, OK 73120","2026/01/01",2895,"5 Beds | 4.5 Baths | 3,586 sq ft",NA
"1049","13220 Rock Canyon Rd, Oklahoma City, OK 73142","2026/01/01",6500,"5 Beds | 3.5 Baths | 5,194 sq ft",NA
"1050","2810 Dorchester Dr Unit 13, Oklahoma City, OK 73120","2026/01/01",1000,"2 Beds | 1.5 Baths | 850 sq ft",NA
"1051","2308 NW 12th St, Oklahoma City, OK 73107","2026/01/01",750,"1 Bed | 1 Bath | 468 sq ft",NA
"1052","2812 SW 109th St, Oklahoma City, OK 73170","2026/01/01",2350,"3 Beds | 2 Baths | 2,070 sq ft",NA
"1053","901 NW 13th St, Oklahoma City, OK 73106","2026/01/01",895,"1 Bed | 1 Bath",NA
